flow_id,int64
eth_ethertype_0_0,int64
eth_ethertype_1_0,int64
eth_ethertype_2_0,int64
eth_ethertype_3_0,int64
eth_ethertype_4_0,int64
eth_ethertype_5_0,int64
eth_ethertype_6_0,int64
eth_ethertype_7_0,int64
eth_ethertype_8_0,int64
eth_ethertype_9_0,int64
eth_ethertype_10_0,int64
eth_ethertype_11_0,int64
eth_ethertype_12_0,int64
eth_ethertype_13_0,int64
eth_ethertype_14_0,int64
eth_ethertype_15_0,int64
ipv4_ver_0_0,int64
ipv4_ver_1_0,int64
ipv4_ver_2_0,int64
ipv4_ver_3_0,int64
ipv4_hl_0_0,int64
ipv4_hl_1_0,int64
ipv4_hl_2_0,int64
ipv4_hl_3_0,int64
ipv4_tos_0_0,int64
ipv4_tos_1_0,int64
ipv4_tos_2_0,int64
ipv4_tos_3_0,int64
ipv4_tos_4_0,int64
ipv4_tos_5_0,int64
ipv4_tos_6_0,int64
ipv4_tos_7_0,int64
ipv4_tl_0_0,int64
ipv4_tl_1_0,int64
ipv4_tl_2_0,int64
ipv4_tl_3_0,int64
ipv4_tl_4_0,int64
ipv4_tl_5_0,int64
ipv4_tl_6_0,int64
ipv4_tl_7_0,int64
ipv4_tl_8_0,int64
ipv4_tl_9_0,int64
ipv4_tl_10_0,int64
ipv4_tl_11_0,int64
ipv4_tl_12_0,int64
ipv4_tl_13_0,int64
ipv4_tl_14_0,int64
ipv4_tl_15_0,int64
ipv4_id_0_0,int64
ipv4_id_1_0,int64
ipv4_id_2_0,int64
ipv4_id_3_0,int64
ipv4_id_4_0,int64
ipv4_id_5_0,int64
ipv4_id_6_0,int64
ipv4_id_7_0,int64
ipv4_id_8_0,int64
ipv4_id_9_0,int64
ipv4_id_10_0,int64
ipv4_id_11_0,int64
ipv4_id_12_0,int64
ipv4_id_13_0,int64
ipv4_id_14_0,int64
ipv4_id_15_0,int64
ipv4_rbit_0_0,int64
ipv4_dfbit_0_0,int64
ipv4_mfbit_0_0,int64
ipv4_foff_0_0,int64
ipv4_foff_1_0,int64
ipv4_foff_2_0,int64
ipv4_foff_3_0,int64
ipv4_foff_4_0,int64
ipv4_foff_5_0,int64
ipv4_foff_6_0,int64
ipv4_foff_7_0,int64
ipv4_foff_8_0,int64
ipv4_foff_9_0,int64
ipv4_foff_10_0,int64
ipv4_foff_11_0,int64
ipv4_foff_12_0,int64
ipv4_ttl_0_0,int64
ipv4_ttl_1_0,int64
ipv4_ttl_2_0,int64
ipv4_ttl_3_0,int64
ipv4_ttl_4_0,int64
ipv4_ttl_5_0,int64
ipv4_ttl_6_0,int64
ipv4_ttl_7_0,int64
ipv4_proto_0_0,int64
ipv4_proto_1_0,int64
ipv4_proto_2_0,int64
ipv4_proto_3_0,int64
ipv4_proto_4_0,int64
ipv4_proto_5_0,int64
ipv4_proto_6_0,int64
ipv4_proto_7_0,int64
ipv4_cksum_0_0,int64
ipv4_cksum_1_0,int64
ipv4_cksum_2_0,int64
ipv4_cksum_3_0,int64
ipv4_cksum_4_0,int64
ipv4_cksum_5_0,int64
ipv4_cksum_6_0,int64
ipv4_cksum_7_0,int64
ipv4_cksum_8_0,int64
ipv4_cksum_9_0,int64
ipv4_cksum_10_0,int64
ipv4_cksum_11_0,int64
ipv4_cksum_12_0,int64
ipv4_cksum_13_0,int64
ipv4_cksum_14_0,int64
ipv4_cksum_15_0,int64
ipv6_ver_0_0,int64
ipv6_ver_1_0,int64
ipv6_ver_2_0,int64
ipv6_ver_3_0,int64
ipv6_tc_0_0,int64
ipv6_tc_1_0,int64
ipv6_tc_2_0,int64
ipv6_tc_3_0,int64
ipv6_tc_4_0,int64
ipv6_tc_5_0,int64
ipv6_tc_6_0,int64
ipv6_tc_7_0,int64
ipv6_fl_0_0,int64
ipv6_fl_1_0,int64
ipv6_fl_2_0,int64
ipv6_fl_3_0,int64
ipv6_fl_4_0,int64
ipv6_fl_5_0,int64
ipv6_fl_6_0,int64
ipv6_fl_7_0,int64
ipv6_fl_8_0,int64
ipv6_fl_9_0,int64
ipv6_fl_10_0,int64
ipv6_fl_11_0,int64
ipv6_fl_12_0,int64
ipv6_fl_13_0,int64
ipv6_fl_14_0,int64
ipv6_fl_15_0,int64
ipv6_fl_16_0,int64
ipv6_fl_17_0,int64
ipv6_fl_18_0,int64
ipv6_fl_19_0,int64
ipv6_len_0_0,int64
ipv6_len_1_0,int64
ipv6_len_2_0,int64
ipv6_len_3_0,int64
ipv6_len_4_0,int64
ipv6_len_5_0,int64
ipv6_len_6_0,int64
ipv6_len_7_0,int64
ipv6_len_8_0,int64
ipv6_len_9_0,int64
ipv6_len_10_0,int64
ipv6_len_11_0,int64
ipv6_len_12_0,int64
ipv6_len_13_0,int64
ipv6_len_14_0,int64
ipv6_len_15_0,int64
ipv6_nh_0_0,int64
ipv6_nh_1_0,int64
ipv6_nh_2_0,int64
ipv6_nh_3_0,int64
ipv6_nh_4_0,int64
ipv6_nh_5_0,int64
ipv6_nh_6_0,int64
ipv6_nh_7_0,int64
ipv6_hl_0_0,int64
ipv6_hl_1_0,int64
ipv6_hl_2_0,int64
ipv6_hl_3_0,int64
ipv6_hl_4_0,int64
ipv6_hl_5_0,int64
ipv6_hl_6_0,int64
ipv6_hl_7_0,int64
tcp_sprt_0_0,int64
tcp_sprt_1_0,int64
tcp_sprt_2_0,int64
tcp_sprt_3_0,int64
tcp_sprt_4_0,int64
tcp_sprt_5_0,int64
tcp_sprt_6_0,int64
tcp_sprt_7_0,int64
tcp_sprt_8_0,int64
tcp_sprt_9_0,int64
tcp_sprt_10_0,int64
tcp_sprt_11_0,int64
tcp_sprt_12_0,int64
tcp_sprt_13_0,int64
tcp_sprt_14_0,int64
tcp_sprt_15_0,int64
tcp_dprt_0_0,int64
tcp_dprt_1_0,int64
tcp_dprt_2_0,int64
tcp_dprt_3_0,int64
tcp_dprt_4_0,int64
tcp_dprt_5_0,int64
tcp_dprt_6_0,int64
tcp_dprt_7_0,int64
tcp_dprt_8_0,int64
tcp_dprt_9_0,int64
tcp_dprt_10_0,int64
tcp_dprt_11_0,int64
tcp_dprt_12_0,int64
tcp_dprt_13_0,int64
tcp_dprt_14_0,int64
tcp_dprt_15_0,int64
tcp_seq_0_0,int64
tcp_seq_1_0,int64
tcp_seq_2_0,int64
tcp_seq_3_0,int64
tcp_seq_4_0,int64
tcp_seq_5_0,int64
tcp_seq_6_0,int64
tcp_seq_7_0,int64
tcp_seq_8_0,int64
tcp_seq_9_0,int64
tcp_seq_10_0,int64
tcp_seq_11_0,int64
tcp_seq_12_0,int64
tcp_seq_13_0,int64
tcp_seq_14_0,int64
tcp_seq_15_0,int64
tcp_seq_16_0,int64
tcp_seq_17_0,int64
tcp_seq_18_0,int64
tcp_seq_19_0,int64
tcp_seq_20_0,int64
tcp_seq_21_0,int64
tcp_seq_22_0,int64
tcp_seq_23_0,int64
tcp_seq_24_0,int64
tcp_seq_25_0,int64
tcp_seq_26_0,int64
tcp_seq_27_0,int64
tcp_seq_28_0,int64
tcp_seq_29_0,int64
tcp_seq_30_0,int64
tcp_seq_31_0,int64
tcp_ackn_0_0,int64
tcp_ackn_1_0,int64
tcp_ackn_2_0,int64
tcp_ackn_3_0,int64
tcp_ackn_4_0,int64
tcp_ackn_5_0,int64
tcp_ackn_6_0,int64
tcp_ackn_7_0,int64
tcp_ackn_8_0,int64
tcp_ackn_9_0,int64
tcp_ackn_10_0,int64
tcp_ackn_11_0,int64
tcp_ackn_12_0,int64
tcp_ackn_13_0,int64
tcp_ackn_14_0,int64
tcp_ackn_15_0,int64
tcp_ackn_16_0,int64
tcp_ackn_17_0,int64
tcp_ackn_18_0,int64
tcp_ackn_19_0,int64
tcp_ackn_20_0,int64
tcp_ackn_21_0,int64
tcp_ackn_22_0,int64
tcp_ackn_23_0,int64
tcp_ackn_24_0,int64
tcp_ackn_25_0,int64
tcp_ackn_26_0,int64
tcp_ackn_27_0,int64
tcp_ackn_28_0,int64
tcp_ackn_29_0,int64
tcp_ackn_30_0,int64
tcp_ackn_31_0,int64
tcp_doff_0_0,int64
tcp_doff_1_0,int64
tcp_doff_2_0,int64
tcp_doff_3_0,int64
tcp_res_0_0,int64
tcp_res_1_0,int64
tcp_res_2_0,int64
tcp_ns_0_0,int64
tcp_cwr_0_0,int64
tcp_ece_0_0,int64
tcp_urg_0_0,int64
tcp_ackf_0_0,int64
tcp_psh_0_0,int64
tcp_rst_0_0,int64
tcp_syn_0_0,int64
tcp_fin_0_0,int64
tcp_wsize_0_0,int64
tcp_wsize_1_0,int64
tcp_wsize_2_0,int64
tcp_wsize_3_0,int64
tcp_wsize_4_0,int64
tcp_wsize_5_0,int64
tcp_wsize_6_0,int64
tcp_wsize_7_0,int64
tcp_wsize_8_0,int64
tcp_wsize_9_0,int64
tcp_wsize_10_0,int64
tcp_wsize_11_0,int64
tcp_wsize_12_0,int64
tcp_wsize_13_0,int64
tcp_wsize_14_0,int64
tcp_wsize_15_0,int64
tcp_cksum_0_0,int64
tcp_cksum_1_0,int64
tcp_cksum_2_0,int64
tcp_cksum_3_0,int64
tcp_cksum_4_0,int64
tcp_cksum_5_0,int64
tcp_cksum_6_0,int64
tcp_cksum_7_0,int64
tcp_cksum_8_0,int64
tcp_cksum_9_0,int64
tcp_cksum_10_0,int64
tcp_cksum_11_0,int64
tcp_cksum_12_0,int64
tcp_cksum_13_0,int64
tcp_cksum_14_0,int64
tcp_cksum_15_0,int64
tcp_urp_0_0,int64
tcp_urp_1_0,int64
tcp_urp_2_0,int64
tcp_urp_3_0,int64
tcp_urp_4_0,int64
tcp_urp_5_0,int64
tcp_urp_6_0,int64
tcp_urp_7_0,int64
tcp_urp_8_0,int64
tcp_urp_9_0,int64
tcp_urp_10_0,int64
tcp_urp_11_0,int64
tcp_urp_12_0,int64
tcp_urp_13_0,int64
tcp_urp_14_0,int64
tcp_urp_15_0,int64
tcp_opt_0_0,int64
tcp_opt_1_0,int64
tcp_opt_2_0,int64
tcp_opt_3_0,int64
tcp_opt_4_0,int64
tcp_opt_5_0,int64
tcp_opt_6_0,int64
tcp_opt_7_0,int64
tcp_opt_8_0,int64
tcp_opt_9_0,int64
tcp_opt_10_0,int64
tcp_opt_11_0,int64
tcp_opt_12_0,int64
tcp_opt_13_0,int64
tcp_opt_14_0,int64
tcp_opt_15_0,int64
tcp_opt_16_0,int64
tcp_opt_17_0,int64
tcp_opt_18_0,int64
tcp_opt_19_0,int64
tcp_opt_20_0,int64
tcp_opt_21_0,int64
tcp_opt_22_0,int64
tcp_opt_23_0,int64
tcp_opt_24_0,int64
tcp_opt_25_0,int64
tcp_opt_26_0,int64
tcp_opt_27_0,int64
tcp_opt_28_0,int64
tcp_opt_29_0,int64
tcp_opt_30_0,int64
tcp_opt_31_0,int64
tcp_opt_32_0,int64
tcp_opt_33_0,int64
tcp_opt_34_0,int64
tcp_opt_35_0,int64
tcp_opt_36_0,int64
tcp_opt_37_0,int64
tcp_opt_38_0,int64
tcp_opt_39_0,int64
tcp_opt_40_0,int64
tcp_opt_41_0,int64
tcp_opt_42_0,int64
tcp_opt_43_0,int64
tcp_opt_44_0,int64
tcp_opt_45_0,int64
tcp_opt_46_0,int64
tcp_opt_47_0,int64
tcp_opt_48_0,int64
tcp_opt_49_0,int64
tcp_opt_50_0,int64
tcp_opt_51_0,int64
tcp_opt_52_0,int64
tcp_opt_53_0,int64
tcp_opt_54_0,int64
tcp_opt_55_0,int64
tcp_opt_56_0,int64
tcp_opt_57_0,int64
tcp_opt_58_0,int64
tcp_opt_59_0,int64
tcp_opt_60_0,int64
tcp_opt_61_0,int64
tcp_opt_62_0,int64
tcp_opt_63_0,int64
tcp_opt_64_0,int64
tcp_opt_65_0,int64
tcp_opt_66_0,int64
tcp_opt_67_0,int64
tcp_opt_68_0,int64
tcp_opt_69_0,int64
tcp_opt_70_0,int64
tcp_opt_71_0,int64
tcp_opt_72_0,int64
tcp_opt_73_0,int64
tcp_opt_74_0,int64
tcp_opt_75_0,int64
tcp_opt_76_0,int64
tcp_opt_77_0,int64
tcp_opt_78_0,int64
tcp_opt_79_0,int64
tcp_opt_80_0,int64
tcp_opt_81_0,int64
tcp_opt_82_0,int64
tcp_opt_83_0,int64
tcp_opt_84_0,int64
tcp_opt_85_0,int64
tcp_opt_86_0,int64
tcp_opt_87_0,int64
tcp_opt_88_0,int64
tcp_opt_89_0,int64
tcp_opt_90_0,int64
tcp_opt_91_0,int64
tcp_opt_92_0,int64
tcp_opt_93_0,int64
tcp_opt_94_0,int64
tcp_opt_95_0,int64
tcp_opt_96_0,int64
tcp_opt_97_0,int64
tcp_opt_98_0,int64
tcp_opt_99_0,int64
tcp_opt_100_0,int64
tcp_opt_101_0,int64
tcp_opt_102_0,int64
tcp_opt_103_0,int64
tcp_opt_104_0,int64
tcp_opt_105_0,int64
tcp_opt_106_0,int64
tcp_opt_107_0,int64
tcp_opt_108_0,int64
tcp_opt_109_0,int64
tcp_opt_110_0,int64
tcp_opt_111_0,int64
tcp_opt_112_0,int64
tcp_opt_113_0,int64
tcp_opt_114_0,int64
tcp_opt_115_0,int64
tcp_opt_116_0,int64
tcp_opt_117_0,int64
tcp_opt_118_0,int64
tcp_opt_119_0,int64
tcp_opt_120_0,int64
tcp_opt_121_0,int64
tcp_opt_122_0,int64
tcp_opt_123_0,int64
tcp_opt_124_0,int64
tcp_opt_125_0,int64
tcp_opt_126_0,int64
tcp_opt_127_0,int64
tcp_opt_128_0,int64
tcp_opt_129_0,int64
tcp_opt_130_0,int64
tcp_opt_131_0,int64
tcp_opt_132_0,int64
tcp_opt_133_0,int64
tcp_opt_134_0,int64
tcp_opt_135_0,int64
tcp_opt_136_0,int64
tcp_opt_137_0,int64
tcp_opt_138_0,int64
tcp_opt_139_0,int64
tcp_opt_140_0,int64
tcp_opt_141_0,int64
tcp_opt_142_0,int64
tcp_opt_143_0,int64
tcp_opt_144_0,int64
tcp_opt_145_0,int64
tcp_opt_146_0,int64
tcp_opt_147_0,int64
tcp_opt_148_0,int64
tcp_opt_149_0,int64
tcp_opt_150_0,int64
tcp_opt_151_0,int64
tcp_opt_152_0,int64
tcp_opt_153_0,int64
tcp_opt_154_0,int64
tcp_opt_155_0,int64
tcp_opt_156_0,int64
tcp_opt_157_0,int64
tcp_opt_158_0,int64
tcp_opt_159_0,int64
tcp_opt_160_0,int64
tcp_opt_161_0,int64
tcp_opt_162_0,int64
tcp_opt_163_0,int64
tcp_opt_164_0,int64
tcp_opt_165_0,int64
tcp_opt_166_0,int64
tcp_opt_167_0,int64
tcp_opt_168_0,int64
tcp_opt_169_0,int64
tcp_opt_170_0,int64
tcp_opt_171_0,int64
tcp_opt_172_0,int64
tcp_opt_173_0,int64
tcp_opt_174_0,int64
tcp_opt_175_0,int64
tcp_opt_176_0,int64
tcp_opt_177_0,int64
tcp_opt_178_0,int64
tcp_opt_179_0,int64
tcp_opt_180_0,int64
tcp_opt_181_0,int64
tcp_opt_182_0,int64
tcp_opt_183_0,int64
tcp_opt_184_0,int64
tcp_opt_185_0,int64
tcp_opt_186_0,int64
tcp_opt_187_0,int64
tcp_opt_188_0,int64
tcp_opt_189_0,int64
tcp_opt_190_0,int64
tcp_opt_191_0,int64
tcp_opt_192_0,int64
tcp_opt_193_0,int64
tcp_opt_194_0,int64
tcp_opt_195_0,int64
tcp_opt_196_0,int64
tcp_opt_197_0,int64
tcp_opt_198_0,int64
tcp_opt_199_0,int64
tcp_opt_200_0,int64
tcp_opt_201_0,int64
tcp_opt_202_0,int64
tcp_opt_203_0,int64
tcp_opt_204_0,int64
tcp_opt_205_0,int64
tcp_opt_206_0,int64
tcp_opt_207_0,int64
tcp_opt_208_0,int64
tcp_opt_209_0,int64
tcp_opt_210_0,int64
tcp_opt_211_0,int64
tcp_opt_212_0,int64
tcp_opt_213_0,int64
tcp_opt_214_0,int64
tcp_opt_215_0,int64
tcp_opt_216_0,int64
tcp_opt_217_0,int64
tcp_opt_218_0,int64
tcp_opt_219_0,int64
tcp_opt_220_0,int64
tcp_opt_221_0,int64
tcp_opt_222_0,int64
tcp_opt_223_0,int64
tcp_opt_224_0,int64
tcp_opt_225_0,int64
tcp_opt_226_0,int64
tcp_opt_227_0,int64
tcp_opt_228_0,int64
tcp_opt_229_0,int64
tcp_opt_230_0,int64
tcp_opt_231_0,int64
tcp_opt_232_0,int64
tcp_opt_233_0,int64
tcp_opt_234_0,int64
tcp_opt_235_0,int64
tcp_opt_236_0,int64
tcp_opt_237_0,int64
tcp_opt_238_0,int64
tcp_opt_239_0,int64
tcp_opt_240_0,int64
tcp_opt_241_0,int64
tcp_opt_242_0,int64
tcp_opt_243_0,int64
tcp_opt_244_0,int64
tcp_opt_245_0,int64
tcp_opt_246_0,int64
tcp_opt_247_0,int64
tcp_opt_248_0,int64
tcp_opt_249_0,int64
tcp_opt_250_0,int64
tcp_opt_251_0,int64
tcp_opt_252_0,int64
tcp_opt_253_0,int64
tcp_opt_254_0,int64
tcp_opt_255_0,int64
tcp_opt_256_0,int64
tcp_opt_257_0,int64
tcp_opt_258_0,int64
tcp_opt_259_0,int64
tcp_opt_260_0,int64
tcp_opt_261_0,int64
tcp_opt_262_0,int64
tcp_opt_263_0,int64
tcp_opt_264_0,int64
tcp_opt_265_0,int64
tcp_opt_266_0,int64
tcp_opt_267_0,int64
tcp_opt_268_0,int64
tcp_opt_269_0,int64
tcp_opt_270_0,int64
tcp_opt_271_0,int64
tcp_opt_272_0,int64
tcp_opt_273_0,int64
tcp_opt_274_0,int64
tcp_opt_275_0,int64
tcp_opt_276_0,int64
tcp_opt_277_0,int64
tcp_opt_278_0,int64
tcp_opt_279_0,int64
tcp_opt_280_0,int64
tcp_opt_281_0,int64
tcp_opt_282_0,int64
tcp_opt_283_0,int64
tcp_opt_284_0,int64
tcp_opt_285_0,int64
tcp_opt_286_0,int64
tcp_opt_287_0,int64
tcp_opt_288_0,int64
tcp_opt_289_0,int64
tcp_opt_290_0,int64
tcp_opt_291_0,int64
tcp_opt_292_0,int64
tcp_opt_293_0,int64
tcp_opt_294_0,int64
tcp_opt_295_0,int64
tcp_opt_296_0,int64
tcp_opt_297_0,int64
tcp_opt_298_0,int64
tcp_opt_299_0,int64
tcp_opt_300_0,int64
tcp_opt_301_0,int64
tcp_opt_302_0,int64
tcp_opt_303_0,int64
tcp_opt_304_0,int64
tcp_opt_305_0,int64
tcp_opt_306_0,int64
tcp_opt_307_0,int64
tcp_opt_308_0,int64
tcp_opt_309_0,int64
tcp_opt_310_0,int64
tcp_opt_311_0,int64
tcp_opt_312_0,int64
tcp_opt_313_0,int64
tcp_opt_314_0,int64
tcp_opt_315_0,int64
tcp_opt_316_0,int64
tcp_opt_317_0,int64
tcp_opt_318_0,int64
tcp_opt_319_0,int64
udp_sport_0_0,int64
udp_sport_1_0,int64
udp_sport_2_0,int64
udp_sport_3_0,int64
udp_sport_4_0,int64
udp_sport_5_0,int64
udp_sport_6_0,int64
udp_sport_7_0,int64
udp_sport_8_0,int64
udp_sport_9_0,int64
udp_sport_10_0,int64
udp_sport_11_0,int64
udp_sport_12_0,int64
udp_sport_13_0,int64
udp_sport_14_0,int64
udp_sport_15_0,int64
udp_dport_0_0,int64
udp_dport_1_0,int64
udp_dport_2_0,int64
udp_dport_3_0,int64
udp_dport_4_0,int64
udp_dport_5_0,int64
udp_dport_6_0,int64
udp_dport_7_0,int64
udp_dport_8_0,int64
udp_dport_9_0,int64
udp_dport_10_0,int64
udp_dport_11_0,int64
udp_dport_12_0,int64
udp_dport_13_0,int64
udp_dport_14_0,int64
udp_dport_15_0,int64
udp_len_0_0,int64
udp_len_1_0,int64
udp_len_2_0,int64
udp_len_3_0,int64
udp_len_4_0,int64
udp_len_5_0,int64
udp_len_6_0,int64
udp_len_7_0,int64
udp_len_8_0,int64
udp_len_9_0,int64
udp_len_10_0,int64
udp_len_11_0,int64
udp_len_12_0,int64
udp_len_13_0,int64
udp_len_14_0,int64
udp_len_15_0,int64
udp_cksum_0_0,int64
udp_cksum_1_0,int64
udp_cksum_2_0,int64
udp_cksum_3_0,int64
udp_cksum_4_0,int64
udp_cksum_5_0,int64
udp_cksum_6_0,int64
udp_cksum_7_0,int64
udp_cksum_8_0,int64
udp_cksum_9_0,int64
udp_cksum_10_0,int64
udp_cksum_11_0,int64
udp_cksum_12_0,int64
udp_cksum_13_0,int64
udp_cksum_14_0,int64
udp_cksum_15_0,int64
icmp_type_0_0,int64
icmp_type_1_0,int64
icmp_type_2_0,int64
icmp_type_3_0,int64
icmp_type_4_0,int64
icmp_type_5_0,int64
icmp_type_6_0,int64
icmp_type_7_0,int64
icmp_code_0_0,int64
icmp_code_1_0,int64
icmp_code_2_0,int64
icmp_code_3_0,int64
icmp_code_4_0,int64
icmp_code_5_0,int64
icmp_code_6_0,int64
icmp_code_7_0,int64
icmp_cksum_0_0,int64
icmp_cksum_1_0,int64
icmp_cksum_2_0,int64
icmp_cksum_3_0,int64
icmp_cksum_4_0,int64
icmp_cksum_5_0,int64
icmp_cksum_6_0,int64
icmp_cksum_7_0,int64
icmp_cksum_8_0,int64
icmp_cksum_9_0,int64
icmp_cksum_10_0,int64
icmp_cksum_11_0,int64
icmp_cksum_12_0,int64
icmp_cksum_13_0,int64
icmp_cksum_14_0,int64
icmp_cksum_15_0,int64
src_is_a_0,int64
eth_ethertype_0_1,int64
eth_ethertype_1_1,int64
eth_ethertype_2_1,int64
eth_ethertype_3_1,int64
eth_ethertype_4_1,int64
eth_ethertype_5_1,int64
eth_ethertype_6_1,int64
eth_ethertype_7_1,int64
eth_ethertype_8_1,int64
eth_ethertype_9_1,int64
eth_ethertype_10_1,int64
eth_ethertype_11_1,int64
eth_ethertype_12_1,int64
eth_ethertype_13_1,int64
eth_ethertype_14_1,int64
eth_ethertype_15_1,int64
ipv4_ver_0_1,int64
ipv4_ver_1_1,int64
ipv4_ver_2_1,int64
ipv4_ver_3_1,int64
ipv4_hl_0_1,int64
ipv4_hl_1_1,int64
ipv4_hl_2_1,int64
ipv4_hl_3_1,int64
ipv4_tos_0_1,int64
ipv4_tos_1_1,int64
ipv4_tos_2_1,int64
ipv4_tos_3_1,int64
ipv4_tos_4_1,int64
ipv4_tos_5_1,int64
ipv4_tos_6_1,int64
ipv4_tos_7_1,int64
ipv4_tl_0_1,int64
ipv4_tl_1_1,int64
ipv4_tl_2_1,int64
ipv4_tl_3_1,int64
ipv4_tl_4_1,int64
ipv4_tl_5_1,int64
ipv4_tl_6_1,int64
ipv4_tl_7_1,int64
ipv4_tl_8_1,int64
ipv4_tl_9_1,int64
ipv4_tl_10_1,int64
ipv4_tl_11_1,int64
ipv4_tl_12_1,int64
ipv4_tl_13_1,int64
ipv4_tl_14_1,int64
ipv4_tl_15_1,int64
ipv4_id_0_1,int64
ipv4_id_1_1,int64
ipv4_id_2_1,int64
ipv4_id_3_1,int64
ipv4_id_4_1,int64
ipv4_id_5_1,int64
ipv4_id_6_1,int64
ipv4_id_7_1,int64
ipv4_id_8_1,int64
ipv4_id_9_1,int64
ipv4_id_10_1,int64
ipv4_id_11_1,int64
ipv4_id_12_1,int64
ipv4_id_13_1,int64
ipv4_id_14_1,int64
ipv4_id_15_1,int64
ipv4_rbit_0_1,int64
ipv4_dfbit_0_1,int64
ipv4_mfbit_0_1,int64
ipv4_foff_0_1,int64
ipv4_foff_1_1,int64
ipv4_foff_2_1,int64
ipv4_foff_3_1,int64
ipv4_foff_4_1,int64
ipv4_foff_5_1,int64
ipv4_foff_6_1,int64
ipv4_foff_7_1,int64
ipv4_foff_8_1,int64
ipv4_foff_9_1,int64
ipv4_foff_10_1,int64
ipv4_foff_11_1,int64
ipv4_foff_12_1,int64
ipv4_ttl_0_1,int64
ipv4_ttl_1_1,int64
ipv4_ttl_2_1,int64
ipv4_ttl_3_1,int64
ipv4_ttl_4_1,int64
ipv4_ttl_5_1,int64
ipv4_ttl_6_1,int64
ipv4_ttl_7_1,int64
ipv4_proto_0_1,int64
ipv4_proto_1_1,int64
ipv4_proto_2_1,int64
ipv4_proto_3_1,int64
ipv4_proto_4_1,int64
ipv4_proto_5_1,int64
ipv4_proto_6_1,int64
ipv4_proto_7_1,int64
ipv4_cksum_0_1,int64
ipv4_cksum_1_1,int64
ipv4_cksum_2_1,int64
ipv4_cksum_3_1,int64
ipv4_cksum_4_1,int64
ipv4_cksum_5_1,int64
ipv4_cksum_6_1,int64
ipv4_cksum_7_1,int64
ipv4_cksum_8_1,int64
ipv4_cksum_9_1,int64
ipv4_cksum_10_1,int64
ipv4_cksum_11_1,int64
ipv4_cksum_12_1,int64
ipv4_cksum_13_1,int64
ipv4_cksum_14_1,int64
ipv4_cksum_15_1,int64
ipv6_ver_0_1,int64
ipv6_ver_1_1,int64
ipv6_ver_2_1,int64
ipv6_ver_3_1,int64
ipv6_tc_0_1,int64
ipv6_tc_1_1,int64
ipv6_tc_2_1,int64
ipv6_tc_3_1,int64
ipv6_tc_4_1,int64
ipv6_tc_5_1,int64
ipv6_tc_6_1,int64
ipv6_tc_7_1,int64
ipv6_fl_0_1,int64
ipv6_fl_1_1,int64
ipv6_fl_2_1,int64
ipv6_fl_3_1,int64
ipv6_fl_4_1,int64
ipv6_fl_5_1,int64
ipv6_fl_6_1,int64
ipv6_fl_7_1,int64
ipv6_fl_8_1,int64
ipv6_fl_9_1,int64
ipv6_fl_10_1,int64
ipv6_fl_11_1,int64
ipv6_fl_12_1,int64
ipv6_fl_13_1,int64
ipv6_fl_14_1,int64
ipv6_fl_15_1,int64
ipv6_fl_16_1,int64
ipv6_fl_17_1,int64
ipv6_fl_18_1,int64
ipv6_fl_19_1,int64
ipv6_len_0_1,int64
ipv6_len_1_1,int64
ipv6_len_2_1,int64
ipv6_len_3_1,int64
ipv6_len_4_1,int64
ipv6_len_5_1,int64
ipv6_len_6_1,int64
ipv6_len_7_1,int64
ipv6_len_8_1,int64
ipv6_len_9_1,int64
ipv6_len_10_1,int64
ipv6_len_11_1,int64
ipv6_len_12_1,int64
ipv6_len_13_1,int64
ipv6_len_14_1,int64
ipv6_len_15_1,int64
ipv6_nh_0_1,int64
ipv6_nh_1_1,int64
ipv6_nh_2_1,int64
ipv6_nh_3_1,int64
ipv6_nh_4_1,int64
ipv6_nh_5_1,int64
ipv6_nh_6_1,int64
ipv6_nh_7_1,int64
ipv6_hl_0_1,int64
ipv6_hl_1_1,int64
ipv6_hl_2_1,int64
ipv6_hl_3_1,int64
ipv6_hl_4_1,int64
ipv6_hl_5_1,int64
ipv6_hl_6_1,int64
ipv6_hl_7_1,int64
tcp_sprt_0_1,int64
tcp_sprt_1_1,int64
tcp_sprt_2_1,int64
tcp_sprt_3_1,int64
tcp_sprt_4_1,int64
tcp_sprt_5_1,int64
tcp_sprt_6_1,int64
tcp_sprt_7_1,int64
tcp_sprt_8_1,int64
tcp_sprt_9_1,int64
tcp_sprt_10_1,int64
tcp_sprt_11_1,int64
tcp_sprt_12_1,int64
tcp_sprt_13_1,int64
tcp_sprt_14_1,int64
tcp_sprt_15_1,int64
tcp_dprt_0_1,int64
tcp_dprt_1_1,int64
tcp_dprt_2_1,int64
tcp_dprt_3_1,int64
tcp_dprt_4_1,int64
tcp_dprt_5_1,int64
tcp_dprt_6_1,int64
tcp_dprt_7_1,int64
tcp_dprt_8_1,int64
tcp_dprt_9_1,int64
tcp_dprt_10_1,int64
tcp_dprt_11_1,int64
tcp_dprt_12_1,int64
tcp_dprt_13_1,int64
tcp_dprt_14_1,int64
tcp_dprt_15_1,int64
tcp_seq_0_1,int64
tcp_seq_1_1,int64
tcp_seq_2_1,int64
tcp_seq_3_1,int64
tcp_seq_4_1,int64
tcp_seq_5_1,int64
tcp_seq_6_1,int64
tcp_seq_7_1,int64
tcp_seq_8_1,int64
tcp_seq_9_1,int64
tcp_seq_10_1,int64
tcp_seq_11_1,int64
tcp_seq_12_1,int64
tcp_seq_13_1,int64
tcp_seq_14_1,int64
tcp_seq_15_1,int64
tcp_seq_16_1,int64
tcp_seq_17_1,int64
tcp_seq_18_1,int64
tcp_seq_19_1,int64
tcp_seq_20_1,int64
tcp_seq_21_1,int64
tcp_seq_22_1,int64
tcp_seq_23_1,int64
tcp_seq_24_1,int64
tcp_seq_25_1,int64
tcp_seq_26_1,int64
tcp_seq_27_1,int64
tcp_seq_28_1,int64
tcp_seq_29_1,int64
tcp_seq_30_1,int64
tcp_seq_31_1,int64
tcp_ackn_0_1,int64
tcp_ackn_1_1,int64
tcp_ackn_2_1,int64
tcp_ackn_3_1,int64
tcp_ackn_4_1,int64
tcp_ackn_5_1,int64
tcp_ackn_6_1,int64
tcp_ackn_7_1,int64
tcp_ackn_8_1,int64
tcp_ackn_9_1,int64
tcp_ackn_10_1,int64
tcp_ackn_11_1,int64
tcp_ackn_12_1,int64
tcp_ackn_13_1,int64
tcp_ackn_14_1,int64
tcp_ackn_15_1,int64
tcp_ackn_16_1,int64
tcp_ackn_17_1,int64
tcp_ackn_18_1,int64
tcp_ackn_19_1,int64
tcp_ackn_20_1,int64
tcp_ackn_21_1,int64
tcp_ackn_22_1,int64
tcp_ackn_23_1,int64
tcp_ackn_24_1,int64
tcp_ackn_25_1,int64
tcp_ackn_26_1,int64
tcp_ackn_27_1,int64
tcp_ackn_28_1,int64
tcp_ackn_29_1,int64
tcp_ackn_30_1,int64
tcp_ackn_31_1,int64
tcp_doff_0_1,int64
tcp_doff_1_1,int64
tcp_doff_2_1,int64
tcp_doff_3_1,int64
tcp_res_0_1,int64
tcp_res_1_1,int64
tcp_res_2_1,int64
tcp_ns_0_1,int64
tcp_cwr_0_1,int64
tcp_ece_0_1,int64
tcp_urg_0_1,int64
tcp_ackf_0_1,int64
tcp_psh_0_1,int64
tcp_rst_0_1,int64
tcp_syn_0_1,int64
tcp_fin_0_1,int64
tcp_wsize_0_1,int64
tcp_wsize_1_1,int64
tcp_wsize_2_1,int64
tcp_wsize_3_1,int64
tcp_wsize_4_1,int64
tcp_wsize_5_1,int64
tcp_wsize_6_1,int64
tcp_wsize_7_1,int64
tcp_wsize_8_1,int64
tcp_wsize_9_1,int64
tcp_wsize_10_1,int64
tcp_wsize_11_1,int64
tcp_wsize_12_1,int64
tcp_wsize_13_1,int64
tcp_wsize_14_1,int64
tcp_wsize_15_1,int64
tcp_cksum_0_1,int64
tcp_cksum_1_1,int64
tcp_cksum_2_1,int64
tcp_cksum_3_1,int64
tcp_cksum_4_1,int64
tcp_cksum_5_1,int64
tcp_cksum_6_1,int64
tcp_cksum_7_1,int64
tcp_cksum_8_1,int64
tcp_cksum_9_1,int64
tcp_cksum_10_1,int64
tcp_cksum_11_1,int64
tcp_cksum_12_1,int64
tcp_cksum_13_1,int64
tcp_cksum_14_1,int64
tcp_cksum_15_1,int64
tcp_urp_0_1,int64
tcp_urp_1_1,int64
tcp_urp_2_1,int64
tcp_urp_3_1,int64
tcp_urp_4_1,int64
tcp_urp_5_1,int64
tcp_urp_6_1,int64
tcp_urp_7_1,int64
tcp_urp_8_1,int64
tcp_urp_9_1,int64
tcp_urp_10_1,int64
tcp_urp_11_1,int64
tcp_urp_12_1,int64
tcp_urp_13_1,int64
tcp_urp_14_1,int64
tcp_urp_15_1,int64
tcp_opt_0_1,int64
tcp_opt_1_1,int64
tcp_opt_2_1,int64
tcp_opt_3_1,int64
tcp_opt_4_1,int64
tcp_opt_5_1,int64
tcp_opt_6_1,int64
tcp_opt_7_1,int64
tcp_opt_8_1,int64
tcp_opt_9_1,int64
tcp_opt_10_1,int64
tcp_opt_11_1,int64
tcp_opt_12_1,int64
tcp_opt_13_1,int64
tcp_opt_14_1,int64
tcp_opt_15_1,int64
tcp_opt_16_1,int64
tcp_opt_17_1,int64
tcp_opt_18_1,int64
tcp_opt_19_1,int64
tcp_opt_20_1,int64
tcp_opt_21_1,int64
tcp_opt_22_1,int64
tcp_opt_23_1,int64
tcp_opt_24_1,int64
tcp_opt_25_1,int64
tcp_opt_26_1,int64
tcp_opt_27_1,int64
tcp_opt_28_1,int64
tcp_opt_29_1,int64
tcp_opt_30_1,int64
tcp_opt_31_1,int64
tcp_opt_32_1,int64
tcp_opt_33_1,int64
tcp_opt_34_1,int64
tcp_opt_35_1,int64
tcp_opt_36_1,int64
tcp_opt_37_1,int64
tcp_opt_38_1,int64
tcp_opt_39_1,int64
tcp_opt_40_1,int64
tcp_opt_41_1,int64
tcp_opt_42_1,int64
tcp_opt_43_1,int64
tcp_opt_44_1,int64
tcp_opt_45_1,int64
tcp_opt_46_1,int64
tcp_opt_47_1,int64
tcp_opt_48_1,int64
tcp_opt_49_1,int64
tcp_opt_50_1,int64
tcp_opt_51_1,int64
tcp_opt_52_1,int64
tcp_opt_53_1,int64
tcp_opt_54_1,int64
tcp_opt_55_1,int64
tcp_opt_56_1,int64
tcp_opt_57_1,int64
tcp_opt_58_1,int64
tcp_opt_59_1,int64
tcp_opt_60_1,int64
tcp_opt_61_1,int64
tcp_opt_62_1,int64
tcp_opt_63_1,int64
tcp_opt_64_1,int64
tcp_opt_65_1,int64
tcp_opt_66_1,int64
tcp_opt_67_1,int64
tcp_opt_68_1,int64
tcp_opt_69_1,int64
tcp_opt_70_1,int64
tcp_opt_71_1,int64
tcp_opt_72_1,int64
tcp_opt_73_1,int64
tcp_opt_74_1,int64
tcp_opt_75_1,int64
tcp_opt_76_1,int64
tcp_opt_77_1,int64
tcp_opt_78_1,int64
tcp_opt_79_1,int64
tcp_opt_80_1,int64
tcp_opt_81_1,int64
tcp_opt_82_1,int64
tcp_opt_83_1,int64
tcp_opt_84_1,int64
tcp_opt_85_1,int64
tcp_opt_86_1,int64
tcp_opt_87_1,int64
tcp_opt_88_1,int64
tcp_opt_89_1,int64
tcp_opt_90_1,int64
tcp_opt_91_1,int64
tcp_opt_92_1,int64
tcp_opt_93_1,int64
tcp_opt_94_1,int64
tcp_opt_95_1,int64
tcp_opt_96_1,int64
tcp_opt_97_1,int64
tcp_opt_98_1,int64
tcp_opt_99_1,int64
tcp_opt_100_1,int64
tcp_opt_101_1,int64
tcp_opt_102_1,int64
tcp_opt_103_1,int64
tcp_opt_104_1,int64
tcp_opt_105_1,int64
tcp_opt_106_1,int64
tcp_opt_107_1,int64
tcp_opt_108_1,int64
tcp_opt_109_1,int64
tcp_opt_110_1,int64
tcp_opt_111_1,int64
tcp_opt_112_1,int64
tcp_opt_113_1,int64
tcp_opt_114_1,int64
tcp_opt_115_1,int64
tcp_opt_116_1,int64
tcp_opt_117_1,int64
tcp_opt_118_1,int64
tcp_opt_119_1,int64
tcp_opt_120_1,int64
tcp_opt_121_1,int64
tcp_opt_122_1,int64
tcp_opt_123_1,int64
tcp_opt_124_1,int64
tcp_opt_125_1,int64
tcp_opt_126_1,int64
tcp_opt_127_1,int64
tcp_opt_128_1,int64
tcp_opt_129_1,int64
tcp_opt_130_1,int64
tcp_opt_131_1,int64
tcp_opt_132_1,int64
tcp_opt_133_1,int64
tcp_opt_134_1,int64
tcp_opt_135_1,int64
tcp_opt_136_1,int64
tcp_opt_137_1,int64
tcp_opt_138_1,int64
tcp_opt_139_1,int64
tcp_opt_140_1,int64
tcp_opt_141_1,int64
tcp_opt_142_1,int64
tcp_opt_143_1,int64
tcp_opt_144_1,int64
tcp_opt_145_1,int64
tcp_opt_146_1,int64
tcp_opt_147_1,int64
tcp_opt_148_1,int64
tcp_opt_149_1,int64
tcp_opt_150_1,int64
tcp_opt_151_1,int64
tcp_opt_152_1,int64
tcp_opt_153_1,int64
tcp_opt_154_1,int64
tcp_opt_155_1,int64
tcp_opt_156_1,int64
tcp_opt_157_1,int64
tcp_opt_158_1,int64
tcp_opt_159_1,int64
tcp_opt_160_1,int64
tcp_opt_161_1,int64
tcp_opt_162_1,int64
tcp_opt_163_1,int64
tcp_opt_164_1,int64
tcp_opt_165_1,int64
tcp_opt_166_1,int64
tcp_opt_167_1,int64
tcp_opt_168_1,int64
tcp_opt_169_1,int64
tcp_opt_170_1,int64
tcp_opt_171_1,int64
tcp_opt_172_1,int64
tcp_opt_173_1,int64
tcp_opt_174_1,int64
tcp_opt_175_1,int64
tcp_opt_176_1,int64
tcp_opt_177_1,int64
tcp_opt_178_1,int64
tcp_opt_179_1,int64
tcp_opt_180_1,int64
tcp_opt_181_1,int64
tcp_opt_182_1,int64
tcp_opt_183_1,int64
tcp_opt_184_1,int64
tcp_opt_185_1,int64
tcp_opt_186_1,int64
tcp_opt_187_1,int64
tcp_opt_188_1,int64
tcp_opt_189_1,int64
tcp_opt_190_1,int64
tcp_opt_191_1,int64
tcp_opt_192_1,int64
tcp_opt_193_1,int64
tcp_opt_194_1,int64
tcp_opt_195_1,int64
tcp_opt_196_1,int64
tcp_opt_197_1,int64
tcp_opt_198_1,int64
tcp_opt_199_1,int64
tcp_opt_200_1,int64
tcp_opt_201_1,int64
tcp_opt_202_1,int64
tcp_opt_203_1,int64
tcp_opt_204_1,int64
tcp_opt_205_1,int64
tcp_opt_206_1,int64
tcp_opt_207_1,int64
tcp_opt_208_1,int64
tcp_opt_209_1,int64
tcp_opt_210_1,int64
tcp_opt_211_1,int64
tcp_opt_212_1,int64
tcp_opt_213_1,int64
tcp_opt_214_1,int64
tcp_opt_215_1,int64
tcp_opt_216_1,int64
tcp_opt_217_1,int64
tcp_opt_218_1,int64
tcp_opt_219_1,int64
tcp_opt_220_1,int64
tcp_opt_221_1,int64
tcp_opt_222_1,int64
tcp_opt_223_1,int64
tcp_opt_224_1,int64
tcp_opt_225_1,int64
tcp_opt_226_1,int64
tcp_opt_227_1,int64
tcp_opt_228_1,int64
tcp_opt_229_1,int64
tcp_opt_230_1,int64
tcp_opt_231_1,int64
tcp_opt_232_1,int64
tcp_opt_233_1,int64
tcp_opt_234_1,int64
tcp_opt_235_1,int64
tcp_opt_236_1,int64
tcp_opt_237_1,int64
tcp_opt_238_1,int64
tcp_opt_239_1,int64
tcp_opt_240_1,int64
tcp_opt_241_1,int64
tcp_opt_242_1,int64
tcp_opt_243_1,int64
tcp_opt_244_1,int64
tcp_opt_245_1,int64
tcp_opt_246_1,int64
tcp_opt_247_1,int64
tcp_opt_248_1,int64
tcp_opt_249_1,int64
tcp_opt_250_1,int64
tcp_opt_251_1,int64
tcp_opt_252_1,int64
tcp_opt_253_1,int64
tcp_opt_254_1,int64
tcp_opt_255_1,int64
tcp_opt_256_1,int64
tcp_opt_257_1,int64
tcp_opt_258_1,int64
tcp_opt_259_1,int64
tcp_opt_260_1,int64
tcp_opt_261_1,int64
tcp_opt_262_1,int64
tcp_opt_263_1,int64
tcp_opt_264_1,int64
tcp_opt_265_1,int64
tcp_opt_266_1,int64
tcp_opt_267_1,int64
tcp_opt_268_1,int64
tcp_opt_269_1,int64
tcp_opt_270_1,int64
tcp_opt_271_1,int64
tcp_opt_272_1,int64
tcp_opt_273_1,int64
tcp_opt_274_1,int64
tcp_opt_275_1,int64
tcp_opt_276_1,int64
tcp_opt_277_1,int64
tcp_opt_278_1,int64
tcp_opt_279_1,int64
tcp_opt_280_1,int64
tcp_opt_281_1,int64
tcp_opt_282_1,int64
tcp_opt_283_1,int64
tcp_opt_284_1,int64
tcp_opt_285_1,int64
tcp_opt_286_1,int64
tcp_opt_287_1,int64
tcp_opt_288_1,int64
tcp_opt_289_1,int64
tcp_opt_290_1,int64
tcp_opt_291_1,int64
tcp_opt_292_1,int64
tcp_opt_293_1,int64
tcp_opt_294_1,int64
tcp_opt_295_1,int64
tcp_opt_296_1,int64
tcp_opt_297_1,int64
tcp_opt_298_1,int64
tcp_opt_299_1,int64
tcp_opt_300_1,int64
tcp_opt_301_1,int64
tcp_opt_302_1,int64
tcp_opt_303_1,int64
tcp_opt_304_1,int64
tcp_opt_305_1,int64
tcp_opt_306_1,int64
tcp_opt_307_1,int64
tcp_opt_308_1,int64
tcp_opt_309_1,int64
tcp_opt_310_1,int64
tcp_opt_311_1,int64
tcp_opt_312_1,int64
tcp_opt_313_1,int64
tcp_opt_314_1,int64
tcp_opt_315_1,int64
tcp_opt_316_1,int64
tcp_opt_317_1,int64
tcp_opt_318_1,int64
tcp_opt_319_1,int64
udp_sport_0_1,int64
udp_sport_1_1,int64
udp_sport_2_1,int64
udp_sport_3_1,int64
udp_sport_4_1,int64
udp_sport_5_1,int64
udp_sport_6_1,int64
udp_sport_7_1,int64
udp_sport_8_1,int64
udp_sport_9_1,int64
udp_sport_10_1,int64
udp_sport_11_1,int64
udp_sport_12_1,int64
udp_sport_13_1,int64
udp_sport_14_1,int64
udp_sport_15_1,int64
udp_dport_0_1,int64
udp_dport_1_1,int64
udp_dport_2_1,int64
udp_dport_3_1,int64
udp_dport_4_1,int64
udp_dport_5_1,int64
udp_dport_6_1,int64
udp_dport_7_1,int64
udp_dport_8_1,int64
udp_dport_9_1,int64
udp_dport_10_1,int64
udp_dport_11_1,int64
udp_dport_12_1,int64
udp_dport_13_1,int64
udp_dport_14_1,int64
udp_dport_15_1,int64
udp_len_0_1,int64
udp_len_1_1,int64
udp_len_2_1,int64
udp_len_3_1,int64
udp_len_4_1,int64
udp_len_5_1,int64
udp_len_6_1,int64
udp_len_7_1,int64
udp_len_8_1,int64
udp_len_9_1,int64
udp_len_10_1,int64
udp_len_11_1,int64
udp_len_12_1,int64
udp_len_13_1,int64
udp_len_14_1,int64
udp_len_15_1,int64
udp_cksum_0_1,int64
udp_cksum_1_1,int64
udp_cksum_2_1,int64
udp_cksum_3_1,int64
udp_cksum_4_1,int64
udp_cksum_5_1,int64
udp_cksum_6_1,int64
udp_cksum_7_1,int64
udp_cksum_8_1,int64
udp_cksum_9_1,int64
udp_cksum_10_1,int64
udp_cksum_11_1,int64
udp_cksum_12_1,int64
udp_cksum_13_1,int64
udp_cksum_14_1,int64
udp_cksum_15_1,int64
icmp_type_0_1,int64
icmp_type_1_1,int64
icmp_type_2_1,int64
icmp_type_3_1,int64
icmp_type_4_1,int64
icmp_type_5_1,int64
icmp_type_6_1,int64
icmp_type_7_1,int64
icmp_code_0_1,int64
icmp_code_1_1,int64
icmp_code_2_1,int64
icmp_code_3_1,int64
icmp_code_4_1,int64
icmp_code_5_1,int64
icmp_code_6_1,int64
icmp_code_7_1,int64
icmp_cksum_0_1,int64
icmp_cksum_1_1,int64
icmp_cksum_2_1,int64
icmp_cksum_3_1,int64
icmp_cksum_4_1,int64
icmp_cksum_5_1,int64
icmp_cksum_6_1,int64
icmp_cksum_7_1,int64
icmp_cksum_8_1,int64
icmp_cksum_9_1,int64
icmp_cksum_10_1,int64
icmp_cksum_11_1,int64
icmp_cksum_12_1,int64
icmp_cksum_13_1,int64
icmp_cksum_14_1,int64
icmp_cksum_15_1,int64
src_is_a_1,int64
eth_ethertype_0_2,int64
eth_ethertype_1_2,int64
eth_ethertype_2_2,int64
eth_ethertype_3_2,int64
eth_ethertype_4_2,int64
eth_ethertype_5_2,int64
eth_ethertype_6_2,int64
eth_ethertype_7_2,int64
eth_ethertype_8_2,int64
eth_ethertype_9_2,int64
eth_ethertype_10_2,int64
eth_ethertype_11_2,int64
eth_ethertype_12_2,int64
eth_ethertype_13_2,int64
eth_ethertype_14_2,int64
eth_ethertype_15_2,int64
ipv4_ver_0_2,int64
ipv4_ver_1_2,int64
ipv4_ver_2_2,int64
ipv4_ver_3_2,int64
ipv4_hl_0_2,int64
ipv4_hl_1_2,int64
ipv4_hl_2_2,int64
ipv4_hl_3_2,int64
ipv4_tos_0_2,int64
ipv4_tos_1_2,int64
ipv4_tos_2_2,int64
ipv4_tos_3_2,int64
ipv4_tos_4_2,int64
ipv4_tos_5_2,int64
ipv4_tos_6_2,int64
ipv4_tos_7_2,int64
ipv4_tl_0_2,int64
ipv4_tl_1_2,int64
ipv4_tl_2_2,int64
ipv4_tl_3_2,int64
ipv4_tl_4_2,int64
ipv4_tl_5_2,int64
ipv4_tl_6_2,int64
ipv4_tl_7_2,int64
ipv4_tl_8_2,int64
ipv4_tl_9_2,int64
ipv4_tl_10_2,int64
ipv4_tl_11_2,int64
ipv4_tl_12_2,int64
ipv4_tl_13_2,int64
ipv4_tl_14_2,int64
ipv4_tl_15_2,int64
ipv4_id_0_2,int64
ipv4_id_1_2,int64
ipv4_id_2_2,int64
ipv4_id_3_2,int64
ipv4_id_4_2,int64
ipv4_id_5_2,int64
ipv4_id_6_2,int64
ipv4_id_7_2,int64
ipv4_id_8_2,int64
ipv4_id_9_2,int64
ipv4_id_10_2,int64
ipv4_id_11_2,int64
ipv4_id_12_2,int64
ipv4_id_13_2,int64
ipv4_id_14_2,int64
ipv4_id_15_2,int64
ipv4_rbit_0_2,int64
ipv4_dfbit_0_2,int64
ipv4_mfbit_0_2,int64
ipv4_foff_0_2,int64
ipv4_foff_1_2,int64
ipv4_foff_2_2,int64
ipv4_foff_3_2,int64
ipv4_foff_4_2,int64
ipv4_foff_5_2,int64
ipv4_foff_6_2,int64
ipv4_foff_7_2,int64
ipv4_foff_8_2,int64
ipv4_foff_9_2,int64
ipv4_foff_10_2,int64
ipv4_foff_11_2,int64
ipv4_foff_12_2,int64
ipv4_ttl_0_2,int64
ipv4_ttl_1_2,int64
ipv4_ttl_2_2,int64
ipv4_ttl_3_2,int64
ipv4_ttl_4_2,int64
ipv4_ttl_5_2,int64
ipv4_ttl_6_2,int64
ipv4_ttl_7_2,int64
ipv4_proto_0_2,int64
ipv4_proto_1_2,int64
ipv4_proto_2_2,int64
ipv4_proto_3_2,int64
ipv4_proto_4_2,int64
ipv4_proto_5_2,int64
ipv4_proto_6_2,int64
ipv4_proto_7_2,int64
ipv4_cksum_0_2,int64
ipv4_cksum_1_2,int64
ipv4_cksum_2_2,int64
ipv4_cksum_3_2,int64
ipv4_cksum_4_2,int64
ipv4_cksum_5_2,int64
ipv4_cksum_6_2,int64
ipv4_cksum_7_2,int64
ipv4_cksum_8_2,int64
ipv4_cksum_9_2,int64
ipv4_cksum_10_2,int64
ipv4_cksum_11_2,int64
ipv4_cksum_12_2,int64
ipv4_cksum_13_2,int64
ipv4_cksum_14_2,int64
ipv4_cksum_15_2,int64
ipv6_ver_0_2,int64
ipv6_ver_1_2,int64
ipv6_ver_2_2,int64
ipv6_ver_3_2,int64
ipv6_tc_0_2,int64
ipv6_tc_1_2,int64
ipv6_tc_2_2,int64
ipv6_tc_3_2,int64
ipv6_tc_4_2,int64
ipv6_tc_5_2,int64
ipv6_tc_6_2,int64
ipv6_tc_7_2,int64
ipv6_fl_0_2,int64
ipv6_fl_1_2,int64
ipv6_fl_2_2,int64
ipv6_fl_3_2,int64
ipv6_fl_4_2,int64
ipv6_fl_5_2,int64
ipv6_fl_6_2,int64
ipv6_fl_7_2,int64
ipv6_fl_8_2,int64
ipv6_fl_9_2,int64
ipv6_fl_10_2,int64
ipv6_fl_11_2,int64
ipv6_fl_12_2,int64
ipv6_fl_13_2,int64
ipv6_fl_14_2,int64
ipv6_fl_15_2,int64
ipv6_fl_16_2,int64
ipv6_fl_17_2,int64
ipv6_fl_18_2,int64
ipv6_fl_19_2,int64
ipv6_len_0_2,int64
ipv6_len_1_2,int64
ipv6_len_2_2,int64
ipv6_len_3_2,int64
ipv6_len_4_2,int64
ipv6_len_5_2,int64
ipv6_len_6_2,int64
ipv6_len_7_2,int64
ipv6_len_8_2,int64
ipv6_len_9_2,int64
ipv6_len_10_2,int64
ipv6_len_11_2,int64
ipv6_len_12_2,int64
ipv6_len_13_2,int64
ipv6_len_14_2,int64
ipv6_len_15_2,int64
ipv6_nh_0_2,int64
ipv6_nh_1_2,int64
ipv6_nh_2_2,int64
ipv6_nh_3_2,int64
ipv6_nh_4_2,int64
ipv6_nh_5_2,int64
ipv6_nh_6_2,int64
ipv6_nh_7_2,int64
ipv6_hl_0_2,int64
ipv6_hl_1_2,int64
ipv6_hl_2_2,int64
ipv6_hl_3_2,int64
ipv6_hl_4_2,int64
ipv6_hl_5_2,int64
ipv6_hl_6_2,int64
ipv6_hl_7_2,int64
tcp_sprt_0_2,int64
tcp_sprt_1_2,int64
tcp_sprt_2_2,int64
tcp_sprt_3_2,int64
tcp_sprt_4_2,int64
tcp_sprt_5_2,int64
tcp_sprt_6_2,int64
tcp_sprt_7_2,int64
tcp_sprt_8_2,int64
tcp_sprt_9_2,int64
tcp_sprt_10_2,int64
tcp_sprt_11_2,int64
tcp_sprt_12_2,int64
tcp_sprt_13_2,int64
tcp_sprt_14_2,int64
tcp_sprt_15_2,int64
tcp_dprt_0_2,int64
tcp_dprt_1_2,int64
tcp_dprt_2_2,int64
tcp_dprt_3_2,int64
tcp_dprt_4_2,int64
tcp_dprt_5_2,int64
tcp_dprt_6_2,int64
tcp_dprt_7_2,int64
tcp_dprt_8_2,int64
tcp_dprt_9_2,int64
tcp_dprt_10_2,int64
tcp_dprt_11_2,int64
tcp_dprt_12_2,int64
tcp_dprt_13_2,int64
tcp_dprt_14_2,int64
tcp_dprt_15_2,int64
tcp_seq_0_2,int64
tcp_seq_1_2,int64
tcp_seq_2_2,int64
tcp_seq_3_2,int64
tcp_seq_4_2,int64
tcp_seq_5_2,int64
tcp_seq_6_2,int64
tcp_seq_7_2,int64
tcp_seq_8_2,int64
tcp_seq_9_2,int64
tcp_seq_10_2,int64
tcp_seq_11_2,int64
tcp_seq_12_2,int64
tcp_seq_13_2,int64
tcp_seq_14_2,int64
tcp_seq_15_2,int64
tcp_seq_16_2,int64
tcp_seq_17_2,int64
tcp_seq_18_2,int64
tcp_seq_19_2,int64
tcp_seq_20_2,int64
tcp_seq_21_2,int64
tcp_seq_22_2,int64
tcp_seq_23_2,int64
tcp_seq_24_2,int64
tcp_seq_25_2,int64
tcp_seq_26_2,int64
tcp_seq_27_2,int64
tcp_seq_28_2,int64
tcp_seq_29_2,int64
tcp_seq_30_2,int64
tcp_seq_31_2,int64
tcp_ackn_0_2,int64
tcp_ackn_1_2,int64
tcp_ackn_2_2,int64
tcp_ackn_3_2,int64
tcp_ackn_4_2,int64
tcp_ackn_5_2,int64
tcp_ackn_6_2,int64
tcp_ackn_7_2,int64
tcp_ackn_8_2,int64
tcp_ackn_9_2,int64
tcp_ackn_10_2,int64
tcp_ackn_11_2,int64
tcp_ackn_12_2,int64
tcp_ackn_13_2,int64
tcp_ackn_14_2,int64
tcp_ackn_15_2,int64
tcp_ackn_16_2,int64
tcp_ackn_17_2,int64
tcp_ackn_18_2,int64
tcp_ackn_19_2,int64
tcp_ackn_20_2,int64
tcp_ackn_21_2,int64
tcp_ackn_22_2,int64
tcp_ackn_23_2,int64
tcp_ackn_24_2,int64
tcp_ackn_25_2,int64
tcp_ackn_26_2,int64
tcp_ackn_27_2,int64
tcp_ackn_28_2,int64
tcp_ackn_29_2,int64
tcp_ackn_30_2,int64
tcp_ackn_31_2,int64
tcp_doff_0_2,int64
tcp_doff_1_2,int64
tcp_doff_2_2,int64
tcp_doff_3_2,int64
tcp_res_0_2,int64
tcp_res_1_2,int64
tcp_res_2_2,int64
tcp_ns_0_2,int64
tcp_cwr_0_2,int64
tcp_ece_0_2,int64
tcp_urg_0_2,int64
tcp_ackf_0_2,int64
tcp_psh_0_2,int64
tcp_rst_0_2,int64
tcp_syn_0_2,int64
tcp_fin_0_2,int64
tcp_wsize_0_2,int64
tcp_wsize_1_2,int64
tcp_wsize_2_2,int64
tcp_wsize_3_2,int64
tcp_wsize_4_2,int64
tcp_wsize_5_2,int64
tcp_wsize_6_2,int64
tcp_wsize_7_2,int64
tcp_wsize_8_2,int64
tcp_wsize_9_2,int64
tcp_wsize_10_2,int64
tcp_wsize_11_2,int64
tcp_wsize_12_2,int64
tcp_wsize_13_2,int64
tcp_wsize_14_2,int64
tcp_wsize_15_2,int64
tcp_cksum_0_2,int64
tcp_cksum_1_2,int64
tcp_cksum_2_2,int64
tcp_cksum_3_2,int64
tcp_cksum_4_2,int64
tcp_cksum_5_2,int64
tcp_cksum_6_2,int64
tcp_cksum_7_2,int64
tcp_cksum_8_2,int64
tcp_cksum_9_2,int64
tcp_cksum_10_2,int64
tcp_cksum_11_2,int64
tcp_cksum_12_2,int64
tcp_cksum_13_2,int64
tcp_cksum_14_2,int64
tcp_cksum_15_2,int64
tcp_urp_0_2,int64
tcp_urp_1_2,int64
tcp_urp_2_2,int64
tcp_urp_3_2,int64
tcp_urp_4_2,int64
tcp_urp_5_2,int64
tcp_urp_6_2,int64
tcp_urp_7_2,int64
tcp_urp_8_2,int64
tcp_urp_9_2,int64
tcp_urp_10_2,int64
tcp_urp_11_2,int64
tcp_urp_12_2,int64
tcp_urp_13_2,int64
tcp_urp_14_2,int64
tcp_urp_15_2,int64
tcp_opt_0_2,int64
tcp_opt_1_2,int64
tcp_opt_2_2,int64
tcp_opt_3_2,int64
tcp_opt_4_2,int64
tcp_opt_5_2,int64
tcp_opt_6_2,int64
tcp_opt_7_2,int64
tcp_opt_8_2,int64
tcp_opt_9_2,int64
tcp_opt_10_2,int64
tcp_opt_11_2,int64
tcp_opt_12_2,int64
tcp_opt_13_2,int64
tcp_opt_14_2,int64
tcp_opt_15_2,int64
tcp_opt_16_2,int64
tcp_opt_17_2,int64
tcp_opt_18_2,int64
tcp_opt_19_2,int64
tcp_opt_20_2,int64
tcp_opt_21_2,int64
tcp_opt_22_2,int64
tcp_opt_23_2,int64
tcp_opt_24_2,int64
tcp_opt_25_2,int64
tcp_opt_26_2,int64
tcp_opt_27_2,int64
tcp_opt_28_2,int64
tcp_opt_29_2,int64
tcp_opt_30_2,int64
tcp_opt_31_2,int64
tcp_opt_32_2,int64
tcp_opt_33_2,int64
tcp_opt_34_2,int64
tcp_opt_35_2,int64
tcp_opt_36_2,int64
tcp_opt_37_2,int64
tcp_opt_38_2,int64
tcp_opt_39_2,int64
tcp_opt_40_2,int64
tcp_opt_41_2,int64
tcp_opt_42_2,int64
tcp_opt_43_2,int64
tcp_opt_44_2,int64
tcp_opt_45_2,int64
tcp_opt_46_2,int64
tcp_opt_47_2,int64
tcp_opt_48_2,int64
tcp_opt_49_2,int64
tcp_opt_50_2,int64
tcp_opt_51_2,int64
tcp_opt_52_2,int64
tcp_opt_53_2,int64
tcp_opt_54_2,int64
tcp_opt_55_2,int64
tcp_opt_56_2,int64
tcp_opt_57_2,int64
tcp_opt_58_2,int64
tcp_opt_59_2,int64
tcp_opt_60_2,int64
tcp_opt_61_2,int64
tcp_opt_62_2,int64
tcp_opt_63_2,int64
tcp_opt_64_2,int64
tcp_opt_65_2,int64
tcp_opt_66_2,int64
tcp_opt_67_2,int64
tcp_opt_68_2,int64
tcp_opt_69_2,int64
tcp_opt_70_2,int64
tcp_opt_71_2,int64
tcp_opt_72_2,int64
tcp_opt_73_2,int64
tcp_opt_74_2,int64
tcp_opt_75_2,int64
tcp_opt_76_2,int64
tcp_opt_77_2,int64
tcp_opt_78_2,int64
tcp_opt_79_2,int64
tcp_opt_80_2,int64
tcp_opt_81_2,int64
tcp_opt_82_2,int64
tcp_opt_83_2,int64
tcp_opt_84_2,int64
tcp_opt_85_2,int64
tcp_opt_86_2,int64
tcp_opt_87_2,int64
tcp_opt_88_2,int64
tcp_opt_89_2,int64
tcp_opt_90_2,int64
tcp_opt_91_2,int64
tcp_opt_92_2,int64
tcp_opt_93_2,int64
tcp_opt_94_2,int64
tcp_opt_95_2,int64
tcp_opt_96_2,int64
tcp_opt_97_2,int64
tcp_opt_98_2,int64
tcp_opt_99_2,int64
tcp_opt_100_2,int64
tcp_opt_101_2,int64
tcp_opt_102_2,int64
tcp_opt_103_2,int64
tcp_opt_104_2,int64
tcp_opt_105_2,int64
tcp_opt_106_2,int64
tcp_opt_107_2,int64
tcp_opt_108_2,int64
tcp_opt_109_2,int64
tcp_opt_110_2,int64
tcp_opt_111_2,int64
tcp_opt_112_2,int64
tcp_opt_113_2,int64
tcp_opt_114_2,int64
tcp_opt_115_2,int64
tcp_opt_116_2,int64
tcp_opt_117_2,int64
tcp_opt_118_2,int64
tcp_opt_119_2,int64
tcp_opt_120_2,int64
tcp_opt_121_2,int64
tcp_opt_122_2,int64
tcp_opt_123_2,int64
tcp_opt_124_2,int64
tcp_opt_125_2,int64
tcp_opt_126_2,int64
tcp_opt_127_2,int64
tcp_opt_128_2,int64
tcp_opt_129_2,int64
tcp_opt_130_2,int64
tcp_opt_131_2,int64
tcp_opt_132_2,int64
tcp_opt_133_2,int64
tcp_opt_134_2,int64
tcp_opt_135_2,int64
tcp_opt_136_2,int64
tcp_opt_137_2,int64
tcp_opt_138_2,int64
tcp_opt_139_2,int64
tcp_opt_140_2,int64
tcp_opt_141_2,int64
tcp_opt_142_2,int64
tcp_opt_143_2,int64
tcp_opt_144_2,int64
tcp_opt_145_2,int64
tcp_opt_146_2,int64
tcp_opt_147_2,int64
tcp_opt_148_2,int64
tcp_opt_149_2,int64
tcp_opt_150_2,int64
tcp_opt_151_2,int64
tcp_opt_152_2,int64
tcp_opt_153_2,int64
tcp_opt_154_2,int64
tcp_opt_155_2,int64
tcp_opt_156_2,int64
tcp_opt_157_2,int64
tcp_opt_158_2,int64
tcp_opt_159_2,int64
tcp_opt_160_2,int64
tcp_opt_161_2,int64
tcp_opt_162_2,int64
tcp_opt_163_2,int64
tcp_opt_164_2,int64
tcp_opt_165_2,int64
tcp_opt_166_2,int64
tcp_opt_167_2,int64
tcp_opt_168_2,int64
tcp_opt_169_2,int64
tcp_opt_170_2,int64
tcp_opt_171_2,int64
tcp_opt_172_2,int64
tcp_opt_173_2,int64
tcp_opt_174_2,int64
tcp_opt_175_2,int64
tcp_opt_176_2,int64
tcp_opt_177_2,int64
tcp_opt_178_2,int64
tcp_opt_179_2,int64
tcp_opt_180_2,int64
tcp_opt_181_2,int64
tcp_opt_182_2,int64
tcp_opt_183_2,int64
tcp_opt_184_2,int64
tcp_opt_185_2,int64
tcp_opt_186_2,int64
tcp_opt_187_2,int64
tcp_opt_188_2,int64
tcp_opt_189_2,int64
tcp_opt_190_2,int64
tcp_opt_191_2,int64
tcp_opt_192_2,int64
tcp_opt_193_2,int64
tcp_opt_194_2,int64
tcp_opt_195_2,int64
tcp_opt_196_2,int64
tcp_opt_197_2,int64
tcp_opt_198_2,int64
tcp_opt_199_2,int64
tcp_opt_200_2,int64
tcp_opt_201_2,int64
tcp_opt_202_2,int64
tcp_opt_203_2,int64
tcp_opt_204_2,int64
tcp_opt_205_2,int64
tcp_opt_206_2,int64
tcp_opt_207_2,int64
tcp_opt_208_2,int64
tcp_opt_209_2,int64
tcp_opt_210_2,int64
tcp_opt_211_2,int64
tcp_opt_212_2,int64
tcp_opt_213_2,int64
tcp_opt_214_2,int64
tcp_opt_215_2,int64
tcp_opt_216_2,int64
tcp_opt_217_2,int64
tcp_opt_218_2,int64
tcp_opt_219_2,int64
tcp_opt_220_2,int64
tcp_opt_221_2,int64
tcp_opt_222_2,int64
tcp_opt_223_2,int64
tcp_opt_224_2,int64
tcp_opt_225_2,int64
tcp_opt_226_2,int64
tcp_opt_227_2,int64
tcp_opt_228_2,int64
tcp_opt_229_2,int64
tcp_opt_230_2,int64
tcp_opt_231_2,int64
tcp_opt_232_2,int64
tcp_opt_233_2,int64
tcp_opt_234_2,int64
tcp_opt_235_2,int64
tcp_opt_236_2,int64
tcp_opt_237_2,int64
tcp_opt_238_2,int64
tcp_opt_239_2,int64
tcp_opt_240_2,int64
tcp_opt_241_2,int64
tcp_opt_242_2,int64
tcp_opt_243_2,int64
tcp_opt_244_2,int64
tcp_opt_245_2,int64
tcp_opt_246_2,int64
tcp_opt_247_2,int64
tcp_opt_248_2,int64
tcp_opt_249_2,int64
tcp_opt_250_2,int64
tcp_opt_251_2,int64
tcp_opt_252_2,int64
tcp_opt_253_2,int64
tcp_opt_254_2,int64
tcp_opt_255_2,int64
tcp_opt_256_2,int64
tcp_opt_257_2,int64
tcp_opt_258_2,int64
tcp_opt_259_2,int64
tcp_opt_260_2,int64
tcp_opt_261_2,int64
tcp_opt_262_2,int64
tcp_opt_263_2,int64
tcp_opt_264_2,int64
tcp_opt_265_2,int64
tcp_opt_266_2,int64
tcp_opt_267_2,int64
tcp_opt_268_2,int64
tcp_opt_269_2,int64
tcp_opt_270_2,int64
tcp_opt_271_2,int64
tcp_opt_272_2,int64
tcp_opt_273_2,int64
tcp_opt_274_2,int64
tcp_opt_275_2,int64
tcp_opt_276_2,int64
tcp_opt_277_2,int64
tcp_opt_278_2,int64
tcp_opt_279_2,int64
tcp_opt_280_2,int64
tcp_opt_281_2,int64
tcp_opt_282_2,int64
tcp_opt_283_2,int64
tcp_opt_284_2,int64
tcp_opt_285_2,int64
tcp_opt_286_2,int64
tcp_opt_287_2,int64
tcp_opt_288_2,int64
tcp_opt_289_2,int64
tcp_opt_290_2,int64
tcp_opt_291_2,int64
tcp_opt_292_2,int64
tcp_opt_293_2,int64
tcp_opt_294_2,int64
tcp_opt_295_2,int64
tcp_opt_296_2,int64
tcp_opt_297_2,int64
tcp_opt_298_2,int64
tcp_opt_299_2,int64
tcp_opt_300_2,int64
tcp_opt_301_2,int64
tcp_opt_302_2,int64
tcp_opt_303_2,int64
tcp_opt_304_2,int64
tcp_opt_305_2,int64
tcp_opt_306_2,int64
tcp_opt_307_2,int64
tcp_opt_308_2,int64
tcp_opt_309_2,int64
tcp_opt_310_2,int64
tcp_opt_311_2,int64
tcp_opt_312_2,int64
tcp_opt_313_2,int64
tcp_opt_314_2,int64
tcp_opt_315_2,int64
tcp_opt_316_2,int64
tcp_opt_317_2,int64
tcp_opt_318_2,int64
tcp_opt_319_2,int64
udp_sport_0_2,int64
udp_sport_1_2,int64
udp_sport_2_2,int64
udp_sport_3_2,int64
udp_sport_4_2,int64
udp_sport_5_2,int64
udp_sport_6_2,int64
udp_sport_7_2,int64
udp_sport_8_2,int64
udp_sport_9_2,int64
udp_sport_10_2,int64
udp_sport_11_2,int64
udp_sport_12_2,int64
udp_sport_13_2,int64
udp_sport_14_2,int64
udp_sport_15_2,int64
udp_dport_0_2,int64
udp_dport_1_2,int64
udp_dport_2_2,int64
udp_dport_3_2,int64
udp_dport_4_2,int64
udp_dport_5_2,int64
udp_dport_6_2,int64
udp_dport_7_2,int64
udp_dport_8_2,int64
udp_dport_9_2,int64
udp_dport_10_2,int64
udp_dport_11_2,int64
udp_dport_12_2,int64
udp_dport_13_2,int64
udp_dport_14_2,int64
udp_dport_15_2,int64
udp_len_0_2,int64
udp_len_1_2,int64
udp_len_2_2,int64
udp_len_3_2,int64
udp_len_4_2,int64
udp_len_5_2,int64
udp_len_6_2,int64
udp_len_7_2,int64
udp_len_8_2,int64
udp_len_9_2,int64
udp_len_10_2,int64
udp_len_11_2,int64
udp_len_12_2,int64
udp_len_13_2,int64
udp_len_14_2,int64
udp_len_15_2,int64
udp_cksum_0_2,int64
udp_cksum_1_2,int64
udp_cksum_2_2,int64
udp_cksum_3_2,int64
udp_cksum_4_2,int64
udp_cksum_5_2,int64
udp_cksum_6_2,int64
udp_cksum_7_2,int64
udp_cksum_8_2,int64
udp_cksum_9_2,int64
udp_cksum_10_2,int64
udp_cksum_11_2,int64
udp_cksum_12_2,int64
udp_cksum_13_2,int64
udp_cksum_14_2,int64
udp_cksum_15_2,int64
icmp_type_0_2,int64
icmp_type_1_2,int64
icmp_type_2_2,int64
icmp_type_3_2,int64
icmp_type_4_2,int64
icmp_type_5_2,int64
icmp_type_6_2,int64
icmp_type_7_2,int64
icmp_code_0_2,int64
icmp_code_1_2,int64
icmp_code_2_2,int64
icmp_code_3_2,int64
icmp_code_4_2,int64
icmp_code_5_2,int64
icmp_code_6_2,int64
icmp_code_7_2,int64
icmp_cksum_0_2,int64
icmp_cksum_1_2,int64
icmp_cksum_2_2,int64
icmp_cksum_3_2,int64
icmp_cksum_4_2,int64
icmp_cksum_5_2,int64
icmp_cksum_6_2,int64
icmp_cksum_7_2,int64
icmp_cksum_8_2,int64
icmp_cksum_9_2,int64
icmp_cksum_10_2,int64
icmp_cksum_11_2,int64
icmp_cksum_12_2,int64
icmp_cksum_13_2,int64
icmp_cksum_14_2,int64
icmp_cksum_15_2,int64
src_is_a_2,int64
eth_ethertype_0_3,int64
eth_ethertype_1_3,int64
eth_ethertype_2_3,int64
eth_ethertype_3_3,int64
eth_ethertype_4_3,int64
eth_ethertype_5_3,int64
eth_ethertype_6_3,int64
eth_ethertype_7_3,int64
eth_ethertype_8_3,int64
eth_ethertype_9_3,int64
eth_ethertype_10_3,int64
eth_ethertype_11_3,int64
eth_ethertype_12_3,int64
eth_ethertype_13_3,int64
eth_ethertype_14_3,int64
eth_ethertype_15_3,int64
ipv4_ver_0_3,int64
ipv4_ver_1_3,int64
ipv4_ver_2_3,int64
ipv4_ver_3_3,int64
ipv4_hl_0_3,int64
ipv4_hl_1_3,int64
ipv4_hl_2_3,int64
ipv4_hl_3_3,int64
ipv4_tos_0_3,int64
ipv4_tos_1_3,int64
ipv4_tos_2_3,int64
ipv4_tos_3_3,int64
ipv4_tos_4_3,int64
ipv4_tos_5_3,int64
ipv4_tos_6_3,int64
ipv4_tos_7_3,int64
ipv4_tl_0_3,int64
ipv4_tl_1_3,int64
ipv4_tl_2_3,int64
ipv4_tl_3_3,int64
ipv4_tl_4_3,int64
ipv4_tl_5_3,int64
ipv4_tl_6_3,int64
ipv4_tl_7_3,int64
ipv4_tl_8_3,int64
ipv4_tl_9_3,int64
ipv4_tl_10_3,int64
ipv4_tl_11_3,int64
ipv4_tl_12_3,int64
ipv4_tl_13_3,int64
ipv4_tl_14_3,int64
ipv4_tl_15_3,int64
ipv4_id_0_3,int64
ipv4_id_1_3,int64
ipv4_id_2_3,int64
ipv4_id_3_3,int64
ipv4_id_4_3,int64
ipv4_id_5_3,int64
ipv4_id_6_3,int64
ipv4_id_7_3,int64
ipv4_id_8_3,int64
ipv4_id_9_3,int64
ipv4_id_10_3,int64
ipv4_id_11_3,int64
ipv4_id_12_3,int64
ipv4_id_13_3,int64
ipv4_id_14_3,int64
ipv4_id_15_3,int64
ipv4_rbit_0_3,int64
ipv4_dfbit_0_3,int64
ipv4_mfbit_0_3,int64
ipv4_foff_0_3,int64
ipv4_foff_1_3,int64
ipv4_foff_2_3,int64
ipv4_foff_3_3,int64
ipv4_foff_4_3,int64
ipv4_foff_5_3,int64
ipv4_foff_6_3,int64
ipv4_foff_7_3,int64
ipv4_foff_8_3,int64
ipv4_foff_9_3,int64
ipv4_foff_10_3,int64
ipv4_foff_11_3,int64
ipv4_foff_12_3,int64
ipv4_ttl_0_3,int64
ipv4_ttl_1_3,int64
ipv4_ttl_2_3,int64
ipv4_ttl_3_3,int64
ipv4_ttl_4_3,int64
ipv4_ttl_5_3,int64
ipv4_ttl_6_3,int64
ipv4_ttl_7_3,int64
ipv4_proto_0_3,int64
ipv4_proto_1_3,int64
ipv4_proto_2_3,int64
ipv4_proto_3_3,int64
ipv4_proto_4_3,int64
ipv4_proto_5_3,int64
ipv4_proto_6_3,int64
ipv4_proto_7_3,int64
ipv4_cksum_0_3,int64
ipv4_cksum_1_3,int64
ipv4_cksum_2_3,int64
ipv4_cksum_3_3,int64
ipv4_cksum_4_3,int64
ipv4_cksum_5_3,int64
ipv4_cksum_6_3,int64
ipv4_cksum_7_3,int64
ipv4_cksum_8_3,int64
ipv4_cksum_9_3,int64
ipv4_cksum_10_3,int64
ipv4_cksum_11_3,int64
ipv4_cksum_12_3,int64
ipv4_cksum_13_3,int64
ipv4_cksum_14_3,int64
ipv4_cksum_15_3,int64
ipv6_ver_0_3,int64
ipv6_ver_1_3,int64
ipv6_ver_2_3,int64
ipv6_ver_3_3,int64
ipv6_tc_0_3,int64
ipv6_tc_1_3,int64
ipv6_tc_2_3,int64
ipv6_tc_3_3,int64
ipv6_tc_4_3,int64
ipv6_tc_5_3,int64
ipv6_tc_6_3,int64
ipv6_tc_7_3,int64
ipv6_fl_0_3,int64
ipv6_fl_1_3,int64
ipv6_fl_2_3,int64
ipv6_fl_3_3,int64
ipv6_fl_4_3,int64
ipv6_fl_5_3,int64
ipv6_fl_6_3,int64
ipv6_fl_7_3,int64
ipv6_fl_8_3,int64
ipv6_fl_9_3,int64
ipv6_fl_10_3,int64
ipv6_fl_11_3,int64
ipv6_fl_12_3,int64
ipv6_fl_13_3,int64
ipv6_fl_14_3,int64
ipv6_fl_15_3,int64
ipv6_fl_16_3,int64
ipv6_fl_17_3,int64
ipv6_fl_18_3,int64
ipv6_fl_19_3,int64
ipv6_len_0_3,int64
ipv6_len_1_3,int64
ipv6_len_2_3,int64
ipv6_len_3_3,int64
ipv6_len_4_3,int64
ipv6_len_5_3,int64
ipv6_len_6_3,int64
ipv6_len_7_3,int64
ipv6_len_8_3,int64
ipv6_len_9_3,int64
ipv6_len_10_3,int64
ipv6_len_11_3,int64
ipv6_len_12_3,int64
ipv6_len_13_3,int64
ipv6_len_14_3,int64
ipv6_len_15_3,int64
ipv6_nh_0_3,int64
ipv6_nh_1_3,int64
ipv6_nh_2_3,int64
ipv6_nh_3_3,int64
ipv6_nh_4_3,int64
ipv6_nh_5_3,int64
ipv6_nh_6_3,int64
ipv6_nh_7_3,int64
ipv6_hl_0_3,int64
ipv6_hl_1_3,int64
ipv6_hl_2_3,int64
ipv6_hl_3_3,int64
ipv6_hl_4_3,int64
ipv6_hl_5_3,int64
ipv6_hl_6_3,int64
ipv6_hl_7_3,int64
tcp_sprt_0_3,int64
tcp_sprt_1_3,int64
tcp_sprt_2_3,int64
tcp_sprt_3_3,int64
tcp_sprt_4_3,int64
tcp_sprt_5_3,int64
tcp_sprt_6_3,int64
tcp_sprt_7_3,int64
tcp_sprt_8_3,int64
tcp_sprt_9_3,int64
tcp_sprt_10_3,int64
tcp_sprt_11_3,int64
tcp_sprt_12_3,int64
tcp_sprt_13_3,int64
tcp_sprt_14_3,int64
tcp_sprt_15_3,int64
tcp_dprt_0_3,int64
tcp_dprt_1_3,int64
tcp_dprt_2_3,int64
tcp_dprt_3_3,int64
tcp_dprt_4_3,int64
tcp_dprt_5_3,int64
tcp_dprt_6_3,int64
tcp_dprt_7_3,int64
tcp_dprt_8_3,int64
tcp_dprt_9_3,int64
tcp_dprt_10_3,int64
tcp_dprt_11_3,int64
tcp_dprt_12_3,int64
tcp_dprt_13_3,int64
tcp_dprt_14_3,int64
tcp_dprt_15_3,int64
tcp_seq_0_3,int64
tcp_seq_1_3,int64
tcp_seq_2_3,int64
tcp_seq_3_3,int64
tcp_seq_4_3,int64
tcp_seq_5_3,int64
tcp_seq_6_3,int64
tcp_seq_7_3,int64
tcp_seq_8_3,int64
tcp_seq_9_3,int64
tcp_seq_10_3,int64
tcp_seq_11_3,int64
tcp_seq_12_3,int64
tcp_seq_13_3,int64
tcp_seq_14_3,int64
tcp_seq_15_3,int64
tcp_seq_16_3,int64
tcp_seq_17_3,int64
tcp_seq_18_3,int64
tcp_seq_19_3,int64
tcp_seq_20_3,int64
tcp_seq_21_3,int64
tcp_seq_22_3,int64
tcp_seq_23_3,int64
tcp_seq_24_3,int64
tcp_seq_25_3,int64
tcp_seq_26_3,int64
tcp_seq_27_3,int64
tcp_seq_28_3,int64
tcp_seq_29_3,int64
tcp_seq_30_3,int64
tcp_seq_31_3,int64
tcp_ackn_0_3,int64
tcp_ackn_1_3,int64
tcp_ackn_2_3,int64
tcp_ackn_3_3,int64
tcp_ackn_4_3,int64
tcp_ackn_5_3,int64
tcp_ackn_6_3,int64
tcp_ackn_7_3,int64
tcp_ackn_8_3,int64
tcp_ackn_9_3,int64
tcp_ackn_10_3,int64
tcp_ackn_11_3,int64
tcp_ackn_12_3,int64
tcp_ackn_13_3,int64
tcp_ackn_14_3,int64
tcp_ackn_15_3,int64
tcp_ackn_16_3,int64
tcp_ackn_17_3,int64
tcp_ackn_18_3,int64
tcp_ackn_19_3,int64
tcp_ackn_20_3,int64
tcp_ackn_21_3,int64
tcp_ackn_22_3,int64
tcp_ackn_23_3,int64
tcp_ackn_24_3,int64
tcp_ackn_25_3,int64
tcp_ackn_26_3,int64
tcp_ackn_27_3,int64
tcp_ackn_28_3,int64
tcp_ackn_29_3,int64
tcp_ackn_30_3,int64
tcp_ackn_31_3,int64
tcp_doff_0_3,int64
tcp_doff_1_3,int64
tcp_doff_2_3,int64
tcp_doff_3_3,int64
tcp_res_0_3,int64
tcp_res_1_3,int64
tcp_res_2_3,int64
tcp_ns_0_3,int64
tcp_cwr_0_3,int64
tcp_ece_0_3,int64
tcp_urg_0_3,int64
tcp_ackf_0_3,int64
tcp_psh_0_3,int64
tcp_rst_0_3,int64
tcp_syn_0_3,int64
tcp_fin_0_3,int64
tcp_wsize_0_3,int64
tcp_wsize_1_3,int64
tcp_wsize_2_3,int64
tcp_wsize_3_3,int64
tcp_wsize_4_3,int64
tcp_wsize_5_3,int64
tcp_wsize_6_3,int64
tcp_wsize_7_3,int64
tcp_wsize_8_3,int64
tcp_wsize_9_3,int64
tcp_wsize_10_3,int64
tcp_wsize_11_3,int64
tcp_wsize_12_3,int64
tcp_wsize_13_3,int64
tcp_wsize_14_3,int64
tcp_wsize_15_3,int64
tcp_cksum_0_3,int64
tcp_cksum_1_3,int64
tcp_cksum_2_3,int64
tcp_cksum_3_3,int64
tcp_cksum_4_3,int64
tcp_cksum_5_3,int64
tcp_cksum_6_3,int64
tcp_cksum_7_3,int64
tcp_cksum_8_3,int64
tcp_cksum_9_3,int64
tcp_cksum_10_3,int64
tcp_cksum_11_3,int64
tcp_cksum_12_3,int64
tcp_cksum_13_3,int64
tcp_cksum_14_3,int64
tcp_cksum_15_3,int64
tcp_urp_0_3,int64
tcp_urp_1_3,int64
tcp_urp_2_3,int64
tcp_urp_3_3,int64
tcp_urp_4_3,int64
tcp_urp_5_3,int64
tcp_urp_6_3,int64
tcp_urp_7_3,int64
tcp_urp_8_3,int64
tcp_urp_9_3,int64
tcp_urp_10_3,int64
tcp_urp_11_3,int64
tcp_urp_12_3,int64
tcp_urp_13_3,int64
tcp_urp_14_3,int64
tcp_urp_15_3,int64
tcp_opt_0_3,int64
tcp_opt_1_3,int64
tcp_opt_2_3,int64
tcp_opt_3_3,int64
tcp_opt_4_3,int64
tcp_opt_5_3,int64
tcp_opt_6_3,int64
tcp_opt_7_3,int64
tcp_opt_8_3,int64
tcp_opt_9_3,int64
tcp_opt_10_3,int64
tcp_opt_11_3,int64
tcp_opt_12_3,int64
tcp_opt_13_3,int64
tcp_opt_14_3,int64
tcp_opt_15_3,int64
tcp_opt_16_3,int64
tcp_opt_17_3,int64
tcp_opt_18_3,int64
tcp_opt_19_3,int64
tcp_opt_20_3,int64
tcp_opt_21_3,int64
tcp_opt_22_3,int64
tcp_opt_23_3,int64
tcp_opt_24_3,int64
tcp_opt_25_3,int64
tcp_opt_26_3,int64
tcp_opt_27_3,int64
tcp_opt_28_3,int64
tcp_opt_29_3,int64
tcp_opt_30_3,int64
tcp_opt_31_3,int64
tcp_opt_32_3,int64
tcp_opt_33_3,int64
tcp_opt_34_3,int64
tcp_opt_35_3,int64
tcp_opt_36_3,int64
tcp_opt_37_3,int64
tcp_opt_38_3,int64
tcp_opt_39_3,int64
tcp_opt_40_3,int64
tcp_opt_41_3,int64
tcp_opt_42_3,int64
tcp_opt_43_3,int64
tcp_opt_44_3,int64
tcp_opt_45_3,int64
tcp_opt_46_3,int64
tcp_opt_47_3,int64
tcp_opt_48_3,int64
tcp_opt_49_3,int64
tcp_opt_50_3,int64
tcp_opt_51_3,int64
tcp_opt_52_3,int64
tcp_opt_53_3,int64
tcp_opt_54_3,int64
tcp_opt_55_3,int64
tcp_opt_56_3,int64
tcp_opt_57_3,int64
tcp_opt_58_3,int64
tcp_opt_59_3,int64
tcp_opt_60_3,int64
tcp_opt_61_3,int64
tcp_opt_62_3,int64
tcp_opt_63_3,int64
tcp_opt_64_3,int64
tcp_opt_65_3,int64
tcp_opt_66_3,int64
tcp_opt_67_3,int64
tcp_opt_68_3,int64
tcp_opt_69_3,int64
tcp_opt_70_3,int64
tcp_opt_71_3,int64
tcp_opt_72_3,int64
tcp_opt_73_3,int64
tcp_opt_74_3,int64
tcp_opt_75_3,int64
tcp_opt_76_3,int64
tcp_opt_77_3,int64
tcp_opt_78_3,int64
tcp_opt_79_3,int64
tcp_opt_80_3,int64
tcp_opt_81_3,int64
tcp_opt_82_3,int64
tcp_opt_83_3,int64
tcp_opt_84_3,int64
tcp_opt_85_3,int64
tcp_opt_86_3,int64
tcp_opt_87_3,int64
tcp_opt_88_3,int64
tcp_opt_89_3,int64
tcp_opt_90_3,int64
tcp_opt_91_3,int64
tcp_opt_92_3,int64
tcp_opt_93_3,int64
tcp_opt_94_3,int64
tcp_opt_95_3,int64
tcp_opt_96_3,int64
tcp_opt_97_3,int64
tcp_opt_98_3,int64
tcp_opt_99_3,int64
tcp_opt_100_3,int64
tcp_opt_101_3,int64
tcp_opt_102_3,int64
tcp_opt_103_3,int64
tcp_opt_104_3,int64
tcp_opt_105_3,int64
tcp_opt_106_3,int64
tcp_opt_107_3,int64
tcp_opt_108_3,int64
tcp_opt_109_3,int64
tcp_opt_110_3,int64
tcp_opt_111_3,int64
tcp_opt_112_3,int64
tcp_opt_113_3,int64
tcp_opt_114_3,int64
tcp_opt_115_3,int64
tcp_opt_116_3,int64
tcp_opt_117_3,int64
tcp_opt_118_3,int64
tcp_opt_119_3,int64
tcp_opt_120_3,int64
tcp_opt_121_3,int64
tcp_opt_122_3,int64
tcp_opt_123_3,int64
tcp_opt_124_3,int64
tcp_opt_125_3,int64
tcp_opt_126_3,int64
tcp_opt_127_3,int64
tcp_opt_128_3,int64
tcp_opt_129_3,int64
tcp_opt_130_3,int64
tcp_opt_131_3,int64
tcp_opt_132_3,int64
tcp_opt_133_3,int64
tcp_opt_134_3,int64
tcp_opt_135_3,int64
tcp_opt_136_3,int64
tcp_opt_137_3,int64
tcp_opt_138_3,int64
tcp_opt_139_3,int64
tcp_opt_140_3,int64
tcp_opt_141_3,int64
tcp_opt_142_3,int64
tcp_opt_143_3,int64
tcp_opt_144_3,int64
tcp_opt_145_3,int64
tcp_opt_146_3,int64
tcp_opt_147_3,int64
tcp_opt_148_3,int64
tcp_opt_149_3,int64
tcp_opt_150_3,int64
tcp_opt_151_3,int64
tcp_opt_152_3,int64
tcp_opt_153_3,int64
tcp_opt_154_3,int64
tcp_opt_155_3,int64
tcp_opt_156_3,int64
tcp_opt_157_3,int64
tcp_opt_158_3,int64
tcp_opt_159_3,int64
tcp_opt_160_3,int64
tcp_opt_161_3,int64
tcp_opt_162_3,int64
tcp_opt_163_3,int64
tcp_opt_164_3,int64
tcp_opt_165_3,int64
tcp_opt_166_3,int64
tcp_opt_167_3,int64
tcp_opt_168_3,int64
tcp_opt_169_3,int64
tcp_opt_170_3,int64
tcp_opt_171_3,int64
tcp_opt_172_3,int64
tcp_opt_173_3,int64
tcp_opt_174_3,int64
tcp_opt_175_3,int64
tcp_opt_176_3,int64
tcp_opt_177_3,int64
tcp_opt_178_3,int64
tcp_opt_179_3,int64
tcp_opt_180_3,int64
tcp_opt_181_3,int64
tcp_opt_182_3,int64
tcp_opt_183_3,int64
tcp_opt_184_3,int64
tcp_opt_185_3,int64
tcp_opt_186_3,int64
tcp_opt_187_3,int64
tcp_opt_188_3,int64
tcp_opt_189_3,int64
tcp_opt_190_3,int64
tcp_opt_191_3,int64
tcp_opt_192_3,int64
tcp_opt_193_3,int64
tcp_opt_194_3,int64
tcp_opt_195_3,int64
tcp_opt_196_3,int64
tcp_opt_197_3,int64
tcp_opt_198_3,int64
tcp_opt_199_3,int64
tcp_opt_200_3,int64
tcp_opt_201_3,int64
tcp_opt_202_3,int64
tcp_opt_203_3,int64
tcp_opt_204_3,int64
tcp_opt_205_3,int64
tcp_opt_206_3,int64
tcp_opt_207_3,int64
tcp_opt_208_3,int64
tcp_opt_209_3,int64
tcp_opt_210_3,int64
tcp_opt_211_3,int64
tcp_opt_212_3,int64
tcp_opt_213_3,int64
tcp_opt_214_3,int64
tcp_opt_215_3,int64
tcp_opt_216_3,int64
tcp_opt_217_3,int64
tcp_opt_218_3,int64
tcp_opt_219_3,int64
tcp_opt_220_3,int64
tcp_opt_221_3,int64
tcp_opt_222_3,int64
tcp_opt_223_3,int64
tcp_opt_224_3,int64
tcp_opt_225_3,int64
tcp_opt_226_3,int64
tcp_opt_227_3,int64
tcp_opt_228_3,int64
tcp_opt_229_3,int64
tcp_opt_230_3,int64
tcp_opt_231_3,int64
tcp_opt_232_3,int64
tcp_opt_233_3,int64
tcp_opt_234_3,int64
tcp_opt_235_3,int64
tcp_opt_236_3,int64
tcp_opt_237_3,int64
tcp_opt_238_3,int64
tcp_opt_239_3,int64
tcp_opt_240_3,int64
tcp_opt_241_3,int64
tcp_opt_242_3,int64
tcp_opt_243_3,int64
tcp_opt_244_3,int64
tcp_opt_245_3,int64
tcp_opt_246_3,int64
tcp_opt_247_3,int64
tcp_opt_248_3,int64
tcp_opt_249_3,int64
tcp_opt_250_3,int64
tcp_opt_251_3,int64
tcp_opt_252_3,int64
tcp_opt_253_3,int64
tcp_opt_254_3,int64
tcp_opt_255_3,int64
tcp_opt_256_3,int64
tcp_opt_257_3,int64
tcp_opt_258_3,int64
tcp_opt_259_3,int64
tcp_opt_260_3,int64
tcp_opt_261_3,int64
tcp_opt_262_3,int64
tcp_opt_263_3,int64
tcp_opt_264_3,int64
tcp_opt_265_3,int64
tcp_opt_266_3,int64
tcp_opt_267_3,int64
tcp_opt_268_3,int64
tcp_opt_269_3,int64
tcp_opt_270_3,int64
tcp_opt_271_3,int64
tcp_opt_272_3,int64
tcp_opt_273_3,int64
tcp_opt_274_3,int64
tcp_opt_275_3,int64
tcp_opt_276_3,int64
tcp_opt_277_3,int64
tcp_opt_278_3,int64
tcp_opt_279_3,int64
tcp_opt_280_3,int64
tcp_opt_281_3,int64
tcp_opt_282_3,int64
tcp_opt_283_3,int64
tcp_opt_284_3,int64
tcp_opt_285_3,int64
tcp_opt_286_3,int64
tcp_opt_287_3,int64
tcp_opt_288_3,int64
tcp_opt_289_3,int64
tcp_opt_290_3,int64
tcp_opt_291_3,int64
tcp_opt_292_3,int64
tcp_opt_293_3,int64
tcp_opt_294_3,int64
tcp_opt_295_3,int64
tcp_opt_296_3,int64
tcp_opt_297_3,int64
tcp_opt_298_3,int64
tcp_opt_299_3,int64
tcp_opt_300_3,int64
tcp_opt_301_3,int64
tcp_opt_302_3,int64
tcp_opt_303_3,int64
tcp_opt_304_3,int64
tcp_opt_305_3,int64
tcp_opt_306_3,int64
tcp_opt_307_3,int64
tcp_opt_308_3,int64
tcp_opt_309_3,int64
tcp_opt_310_3,int64
tcp_opt_311_3,int64
tcp_opt_312_3,int64
tcp_opt_313_3,int64
tcp_opt_314_3,int64
tcp_opt_315_3,int64
tcp_opt_316_3,int64
tcp_opt_317_3,int64
tcp_opt_318_3,int64
tcp_opt_319_3,int64
udp_sport_0_3,int64
udp_sport_1_3,int64
udp_sport_2_3,int64
udp_sport_3_3,int64
udp_sport_4_3,int64
udp_sport_5_3,int64
udp_sport_6_3,int64
udp_sport_7_3,int64
udp_sport_8_3,int64
udp_sport_9_3,int64
udp_sport_10_3,int64
udp_sport_11_3,int64
udp_sport_12_3,int64
udp_sport_13_3,int64
udp_sport_14_3,int64
udp_sport_15_3,int64
udp_dport_0_3,int64
udp_dport_1_3,int64
udp_dport_2_3,int64
udp_dport_3_3,int64
udp_dport_4_3,int64
udp_dport_5_3,int64
udp_dport_6_3,int64
udp_dport_7_3,int64
udp_dport_8_3,int64
udp_dport_9_3,int64
udp_dport_10_3,int64
udp_dport_11_3,int64
udp_dport_12_3,int64
udp_dport_13_3,int64
udp_dport_14_3,int64
udp_dport_15_3,int64
udp_len_0_3,int64
udp_len_1_3,int64
udp_len_2_3,int64
udp_len_3_3,int64
udp_len_4_3,int64
udp_len_5_3,int64
udp_len_6_3,int64
udp_len_7_3,int64
udp_len_8_3,int64
udp_len_9_3,int64
udp_len_10_3,int64
udp_len_11_3,int64
udp_len_12_3,int64
udp_len_13_3,int64
udp_len_14_3,int64
udp_len_15_3,int64
udp_cksum_0_3,int64
udp_cksum_1_3,int64
udp_cksum_2_3,int64
udp_cksum_3_3,int64
udp_cksum_4_3,int64
udp_cksum_5_3,int64
udp_cksum_6_3,int64
udp_cksum_7_3,int64
udp_cksum_8_3,int64
udp_cksum_9_3,int64
udp_cksum_10_3,int64
udp_cksum_11_3,int64
udp_cksum_12_3,int64
udp_cksum_13_3,int64
udp_cksum_14_3,int64
udp_cksum_15_3,int64
icmp_type_0_3,int64
icmp_type_1_3,int64
icmp_type_2_3,int64
icmp_type_3_3,int64
icmp_type_4_3,int64
icmp_type_5_3,int64
icmp_type_6_3,int64
icmp_type_7_3,int64
icmp_code_0_3,int64
icmp_code_1_3,int64
icmp_code_2_3,int64
icmp_code_3_3,int64
icmp_code_4_3,int64
icmp_code_5_3,int64
icmp_code_6_3,int64
icmp_code_7_3,int64
icmp_cksum_0_3,int64
icmp_cksum_1_3,int64
icmp_cksum_2_3,int64
icmp_cksum_3_3,int64
icmp_cksum_4_3,int64
icmp_cksum_5_3,int64
icmp_cksum_6_3,int64
icmp_cksum_7_3,int64
icmp_cksum_8_3,int64
icmp_cksum_9_3,int64
icmp_cksum_10_3,int64
icmp_cksum_11_3,int64
icmp_cksum_12_3,int64
icmp_cksum_13_3,int64
icmp_cksum_14_3,int64
icmp_cksum_15_3,int64
src_is_a_3,int64
eth_ethertype_0_4,int64
eth_ethertype_1_4,int64
eth_ethertype_2_4,int64
eth_ethertype_3_4,int64
eth_ethertype_4_4,int64
eth_ethertype_5_4,int64
eth_ethertype_6_4,int64
eth_ethertype_7_4,int64
eth_ethertype_8_4,int64
eth_ethertype_9_4,int64
eth_ethertype_10_4,int64
eth_ethertype_11_4,int64
eth_ethertype_12_4,int64
eth_ethertype_13_4,int64
eth_ethertype_14_4,int64
eth_ethertype_15_4,int64
ipv4_ver_0_4,int64
ipv4_ver_1_4,int64
ipv4_ver_2_4,int64
ipv4_ver_3_4,int64
ipv4_hl_0_4,int64
ipv4_hl_1_4,int64
ipv4_hl_2_4,int64
ipv4_hl_3_4,int64
ipv4_tos_0_4,int64
ipv4_tos_1_4,int64
ipv4_tos_2_4,int64
ipv4_tos_3_4,int64
ipv4_tos_4_4,int64
ipv4_tos_5_4,int64
ipv4_tos_6_4,int64
ipv4_tos_7_4,int64
ipv4_tl_0_4,int64
ipv4_tl_1_4,int64
ipv4_tl_2_4,int64
ipv4_tl_3_4,int64
ipv4_tl_4_4,int64
ipv4_tl_5_4,int64
ipv4_tl_6_4,int64
ipv4_tl_7_4,int64
ipv4_tl_8_4,int64
ipv4_tl_9_4,int64
ipv4_tl_10_4,int64
ipv4_tl_11_4,int64
ipv4_tl_12_4,int64
ipv4_tl_13_4,int64
ipv4_tl_14_4,int64
ipv4_tl_15_4,int64
ipv4_id_0_4,int64
ipv4_id_1_4,int64
ipv4_id_2_4,int64
ipv4_id_3_4,int64
ipv4_id_4_4,int64
ipv4_id_5_4,int64
ipv4_id_6_4,int64
ipv4_id_7_4,int64
ipv4_id_8_4,int64
ipv4_id_9_4,int64
ipv4_id_10_4,int64
ipv4_id_11_4,int64
ipv4_id_12_4,int64
ipv4_id_13_4,int64
ipv4_id_14_4,int64
ipv4_id_15_4,int64
ipv4_rbit_0_4,int64
ipv4_dfbit_0_4,int64
ipv4_mfbit_0_4,int64
ipv4_foff_0_4,int64
ipv4_foff_1_4,int64
ipv4_foff_2_4,int64
ipv4_foff_3_4,int64
ipv4_foff_4_4,int64
ipv4_foff_5_4,int64
ipv4_foff_6_4,int64
ipv4_foff_7_4,int64
ipv4_foff_8_4,int64
ipv4_foff_9_4,int64
ipv4_foff_10_4,int64
ipv4_foff_11_4,int64
ipv4_foff_12_4,int64
ipv4_ttl_0_4,int64
ipv4_ttl_1_4,int64
ipv4_ttl_2_4,int64
ipv4_ttl_3_4,int64
ipv4_ttl_4_4,int64
ipv4_ttl_5_4,int64
ipv4_ttl_6_4,int64
ipv4_ttl_7_4,int64
ipv4_proto_0_4,int64
ipv4_proto_1_4,int64
ipv4_proto_2_4,int64
ipv4_proto_3_4,int64
ipv4_proto_4_4,int64
ipv4_proto_5_4,int64
ipv4_proto_6_4,int64
ipv4_proto_7_4,int64
ipv4_cksum_0_4,int64
ipv4_cksum_1_4,int64
ipv4_cksum_2_4,int64
ipv4_cksum_3_4,int64
ipv4_cksum_4_4,int64
ipv4_cksum_5_4,int64
ipv4_cksum_6_4,int64
ipv4_cksum_7_4,int64
ipv4_cksum_8_4,int64
ipv4_cksum_9_4,int64
ipv4_cksum_10_4,int64
ipv4_cksum_11_4,int64
ipv4_cksum_12_4,int64
ipv4_cksum_13_4,int64
ipv4_cksum_14_4,int64
ipv4_cksum_15_4,int64
ipv6_ver_0_4,int64
ipv6_ver_1_4,int64
ipv6_ver_2_4,int64
ipv6_ver_3_4,int64
ipv6_tc_0_4,int64
ipv6_tc_1_4,int64
ipv6_tc_2_4,int64
ipv6_tc_3_4,int64
ipv6_tc_4_4,int64
ipv6_tc_5_4,int64
ipv6_tc_6_4,int64
ipv6_tc_7_4,int64
ipv6_fl_0_4,int64
ipv6_fl_1_4,int64
ipv6_fl_2_4,int64
ipv6_fl_3_4,int64
ipv6_fl_4_4,int64
ipv6_fl_5_4,int64
ipv6_fl_6_4,int64
ipv6_fl_7_4,int64
ipv6_fl_8_4,int64
ipv6_fl_9_4,int64
ipv6_fl_10_4,int64
ipv6_fl_11_4,int64
ipv6_fl_12_4,int64
ipv6_fl_13_4,int64
ipv6_fl_14_4,int64
ipv6_fl_15_4,int64
ipv6_fl_16_4,int64
ipv6_fl_17_4,int64
ipv6_fl_18_4,int64
ipv6_fl_19_4,int64
ipv6_len_0_4,int64
ipv6_len_1_4,int64
ipv6_len_2_4,int64
ipv6_len_3_4,int64
ipv6_len_4_4,int64
ipv6_len_5_4,int64
ipv6_len_6_4,int64
ipv6_len_7_4,int64
ipv6_len_8_4,int64
ipv6_len_9_4,int64
ipv6_len_10_4,int64
ipv6_len_11_4,int64
ipv6_len_12_4,int64
ipv6_len_13_4,int64
ipv6_len_14_4,int64
ipv6_len_15_4,int64
ipv6_nh_0_4,int64
ipv6_nh_1_4,int64
ipv6_nh_2_4,int64
ipv6_nh_3_4,int64
ipv6_nh_4_4,int64
ipv6_nh_5_4,int64
ipv6_nh_6_4,int64
ipv6_nh_7_4,int64
ipv6_hl_0_4,int64
ipv6_hl_1_4,int64
ipv6_hl_2_4,int64
ipv6_hl_3_4,int64
ipv6_hl_4_4,int64
ipv6_hl_5_4,int64
ipv6_hl_6_4,int64
ipv6_hl_7_4,int64
tcp_sprt_0_4,int64
tcp_sprt_1_4,int64
tcp_sprt_2_4,int64
tcp_sprt_3_4,int64
tcp_sprt_4_4,int64
tcp_sprt_5_4,int64
tcp_sprt_6_4,int64
tcp_sprt_7_4,int64
tcp_sprt_8_4,int64
tcp_sprt_9_4,int64
tcp_sprt_10_4,int64
tcp_sprt_11_4,int64
tcp_sprt_12_4,int64
tcp_sprt_13_4,int64
tcp_sprt_14_4,int64
tcp_sprt_15_4,int64
tcp_dprt_0_4,int64
tcp_dprt_1_4,int64
tcp_dprt_2_4,int64
tcp_dprt_3_4,int64
tcp_dprt_4_4,int64
tcp_dprt_5_4,int64
tcp_dprt_6_4,int64
tcp_dprt_7_4,int64
tcp_dprt_8_4,int64
tcp_dprt_9_4,int64
tcp_dprt_10_4,int64
tcp_dprt_11_4,int64
tcp_dprt_12_4,int64
tcp_dprt_13_4,int64
tcp_dprt_14_4,int64
tcp_dprt_15_4,int64
tcp_seq_0_4,int64
tcp_seq_1_4,int64
tcp_seq_2_4,int64
tcp_seq_3_4,int64
tcp_seq_4_4,int64
tcp_seq_5_4,int64
tcp_seq_6_4,int64
tcp_seq_7_4,int64
tcp_seq_8_4,int64
tcp_seq_9_4,int64
tcp_seq_10_4,int64
tcp_seq_11_4,int64
tcp_seq_12_4,int64
tcp_seq_13_4,int64
tcp_seq_14_4,int64
tcp_seq_15_4,int64
tcp_seq_16_4,int64
tcp_seq_17_4,int64
tcp_seq_18_4,int64
tcp_seq_19_4,int64
tcp_seq_20_4,int64
tcp_seq_21_4,int64
tcp_seq_22_4,int64
tcp_seq_23_4,int64
tcp_seq_24_4,int64
tcp_seq_25_4,int64
tcp_seq_26_4,int64
tcp_seq_27_4,int64
tcp_seq_28_4,int64
tcp_seq_29_4,int64
tcp_seq_30_4,int64
tcp_seq_31_4,int64
tcp_ackn_0_4,int64
tcp_ackn_1_4,int64
tcp_ackn_2_4,int64
tcp_ackn_3_4,int64
tcp_ackn_4_4,int64
tcp_ackn_5_4,int64
tcp_ackn_6_4,int64
tcp_ackn_7_4,int64
tcp_ackn_8_4,int64
tcp_ackn_9_4,int64
tcp_ackn_10_4,int64
tcp_ackn_11_4,int64
tcp_ackn_12_4,int64
tcp_ackn_13_4,int64
tcp_ackn_14_4,int64
tcp_ackn_15_4,int64
tcp_ackn_16_4,int64
tcp_ackn_17_4,int64
tcp_ackn_18_4,int64
tcp_ackn_19_4,int64
tcp_ackn_20_4,int64
tcp_ackn_21_4,int64
tcp_ackn_22_4,int64
tcp_ackn_23_4,int64
tcp_ackn_24_4,int64
tcp_ackn_25_4,int64
tcp_ackn_26_4,int64
tcp_ackn_27_4,int64
tcp_ackn_28_4,int64
tcp_ackn_29_4,int64
tcp_ackn_30_4,int64
tcp_ackn_31_4,int64
tcp_doff_0_4,int64
tcp_doff_1_4,int64
tcp_doff_2_4,int64
tcp_doff_3_4,int64
tcp_res_0_4,int64
tcp_res_1_4,int64
tcp_res_2_4,int64
tcp_ns_0_4,int64
tcp_cwr_0_4,int64
tcp_ece_0_4,int64
tcp_urg_0_4,int64
tcp_ackf_0_4,int64
tcp_psh_0_4,int64
tcp_rst_0_4,int64
tcp_syn_0_4,int64
tcp_fin_0_4,int64
tcp_wsize_0_4,int64
tcp_wsize_1_4,int64
tcp_wsize_2_4,int64
tcp_wsize_3_4,int64
tcp_wsize_4_4,int64
tcp_wsize_5_4,int64
tcp_wsize_6_4,int64
tcp_wsize_7_4,int64
tcp_wsize_8_4,int64
tcp_wsize_9_4,int64
tcp_wsize_10_4,int64
tcp_wsize_11_4,int64
tcp_wsize_12_4,int64
tcp_wsize_13_4,int64
tcp_wsize_14_4,int64
tcp_wsize_15_4,int64
tcp_cksum_0_4,int64
tcp_cksum_1_4,int64
tcp_cksum_2_4,int64
tcp_cksum_3_4,int64
tcp_cksum_4_4,int64
tcp_cksum_5_4,int64
tcp_cksum_6_4,int64
tcp_cksum_7_4,int64
tcp_cksum_8_4,int64
tcp_cksum_9_4,int64
tcp_cksum_10_4,int64
tcp_cksum_11_4,int64
tcp_cksum_12_4,int64
tcp_cksum_13_4,int64
tcp_cksum_14_4,int64
tcp_cksum_15_4,int64
tcp_urp_0_4,int64
tcp_urp_1_4,int64
tcp_urp_2_4,int64
tcp_urp_3_4,int64
tcp_urp_4_4,int64
tcp_urp_5_4,int64
tcp_urp_6_4,int64
tcp_urp_7_4,int64
tcp_urp_8_4,int64
tcp_urp_9_4,int64
tcp_urp_10_4,int64
tcp_urp_11_4,int64
tcp_urp_12_4,int64
tcp_urp_13_4,int64
tcp_urp_14_4,int64
tcp_urp_15_4,int64
tcp_opt_0_4,int64
tcp_opt_1_4,int64
tcp_opt_2_4,int64
tcp_opt_3_4,int64
tcp_opt_4_4,int64
tcp_opt_5_4,int64
tcp_opt_6_4,int64
tcp_opt_7_4,int64
tcp_opt_8_4,int64
tcp_opt_9_4,int64
tcp_opt_10_4,int64
tcp_opt_11_4,int64
tcp_opt_12_4,int64
tcp_opt_13_4,int64
tcp_opt_14_4,int64
tcp_opt_15_4,int64
tcp_opt_16_4,int64
tcp_opt_17_4,int64
tcp_opt_18_4,int64
tcp_opt_19_4,int64
tcp_opt_20_4,int64
tcp_opt_21_4,int64
tcp_opt_22_4,int64
tcp_opt_23_4,int64
tcp_opt_24_4,int64
tcp_opt_25_4,int64
tcp_opt_26_4,int64
tcp_opt_27_4,int64
tcp_opt_28_4,int64
tcp_opt_29_4,int64
tcp_opt_30_4,int64
tcp_opt_31_4,int64
tcp_opt_32_4,int64
tcp_opt_33_4,int64
tcp_opt_34_4,int64
tcp_opt_35_4,int64
tcp_opt_36_4,int64
tcp_opt_37_4,int64
tcp_opt_38_4,int64
tcp_opt_39_4,int64
tcp_opt_40_4,int64
tcp_opt_41_4,int64
tcp_opt_42_4,int64
tcp_opt_43_4,int64
tcp_opt_44_4,int64
tcp_opt_45_4,int64
tcp_opt_46_4,int64
tcp_opt_47_4,int64
tcp_opt_48_4,int64
tcp_opt_49_4,int64
tcp_opt_50_4,int64
tcp_opt_51_4,int64
tcp_opt_52_4,int64
tcp_opt_53_4,int64
tcp_opt_54_4,int64
tcp_opt_55_4,int64
tcp_opt_56_4,int64
tcp_opt_57_4,int64
tcp_opt_58_4,int64
tcp_opt_59_4,int64
tcp_opt_60_4,int64
tcp_opt_61_4,int64
tcp_opt_62_4,int64
tcp_opt_63_4,int64
tcp_opt_64_4,int64
tcp_opt_65_4,int64
tcp_opt_66_4,int64
tcp_opt_67_4,int64
tcp_opt_68_4,int64
tcp_opt_69_4,int64
tcp_opt_70_4,int64
tcp_opt_71_4,int64
tcp_opt_72_4,int64
tcp_opt_73_4,int64
tcp_opt_74_4,int64
tcp_opt_75_4,int64
tcp_opt_76_4,int64
tcp_opt_77_4,int64
tcp_opt_78_4,int64
tcp_opt_79_4,int64
tcp_opt_80_4,int64
tcp_opt_81_4,int64
tcp_opt_82_4,int64
tcp_opt_83_4,int64
tcp_opt_84_4,int64
tcp_opt_85_4,int64
tcp_opt_86_4,int64
tcp_opt_87_4,int64
tcp_opt_88_4,int64
tcp_opt_89_4,int64
tcp_opt_90_4,int64
tcp_opt_91_4,int64
tcp_opt_92_4,int64
tcp_opt_93_4,int64
tcp_opt_94_4,int64
tcp_opt_95_4,int64
tcp_opt_96_4,int64
tcp_opt_97_4,int64
tcp_opt_98_4,int64
tcp_opt_99_4,int64
tcp_opt_100_4,int64
tcp_opt_101_4,int64
tcp_opt_102_4,int64
tcp_opt_103_4,int64
tcp_opt_104_4,int64
tcp_opt_105_4,int64
tcp_opt_106_4,int64
tcp_opt_107_4,int64
tcp_opt_108_4,int64
tcp_opt_109_4,int64
tcp_opt_110_4,int64
tcp_opt_111_4,int64
tcp_opt_112_4,int64
tcp_opt_113_4,int64
tcp_opt_114_4,int64
tcp_opt_115_4,int64
tcp_opt_116_4,int64
tcp_opt_117_4,int64
tcp_opt_118_4,int64
tcp_opt_119_4,int64
tcp_opt_120_4,int64
tcp_opt_121_4,int64
tcp_opt_122_4,int64
tcp_opt_123_4,int64
tcp_opt_124_4,int64
tcp_opt_125_4,int64
tcp_opt_126_4,int64
tcp_opt_127_4,int64
tcp_opt_128_4,int64
tcp_opt_129_4,int64
tcp_opt_130_4,int64
tcp_opt_131_4,int64
tcp_opt_132_4,int64
tcp_opt_133_4,int64
tcp_opt_134_4,int64
tcp_opt_135_4,int64
tcp_opt_136_4,int64
tcp_opt_137_4,int64
tcp_opt_138_4,int64
tcp_opt_139_4,int64
tcp_opt_140_4,int64
tcp_opt_141_4,int64
tcp_opt_142_4,int64
tcp_opt_143_4,int64
tcp_opt_144_4,int64
tcp_opt_145_4,int64
tcp_opt_146_4,int64
tcp_opt_147_4,int64
tcp_opt_148_4,int64
tcp_opt_149_4,int64
tcp_opt_150_4,int64
tcp_opt_151_4,int64
tcp_opt_152_4,int64
tcp_opt_153_4,int64
tcp_opt_154_4,int64
tcp_opt_155_4,int64
tcp_opt_156_4,int64
tcp_opt_157_4,int64
tcp_opt_158_4,int64
tcp_opt_159_4,int64
tcp_opt_160_4,int64
tcp_opt_161_4,int64
tcp_opt_162_4,int64
tcp_opt_163_4,int64
tcp_opt_164_4,int64
tcp_opt_165_4,int64
tcp_opt_166_4,int64
tcp_opt_167_4,int64
tcp_opt_168_4,int64
tcp_opt_169_4,int64
tcp_opt_170_4,int64
tcp_opt_171_4,int64
tcp_opt_172_4,int64
tcp_opt_173_4,int64
tcp_opt_174_4,int64
tcp_opt_175_4,int64
tcp_opt_176_4,int64
tcp_opt_177_4,int64
tcp_opt_178_4,int64
tcp_opt_179_4,int64
tcp_opt_180_4,int64
tcp_opt_181_4,int64
tcp_opt_182_4,int64
tcp_opt_183_4,int64
tcp_opt_184_4,int64
tcp_opt_185_4,int64
tcp_opt_186_4,int64
tcp_opt_187_4,int64
tcp_opt_188_4,int64
tcp_opt_189_4,int64
tcp_opt_190_4,int64
tcp_opt_191_4,int64
tcp_opt_192_4,int64
tcp_opt_193_4,int64
tcp_opt_194_4,int64
tcp_opt_195_4,int64
tcp_opt_196_4,int64
tcp_opt_197_4,int64
tcp_opt_198_4,int64
tcp_opt_199_4,int64
tcp_opt_200_4,int64
tcp_opt_201_4,int64
tcp_opt_202_4,int64
tcp_opt_203_4,int64
tcp_opt_204_4,int64
tcp_opt_205_4,int64
tcp_opt_206_4,int64
tcp_opt_207_4,int64
tcp_opt_208_4,int64
tcp_opt_209_4,int64
tcp_opt_210_4,int64
tcp_opt_211_4,int64
tcp_opt_212_4,int64
tcp_opt_213_4,int64
tcp_opt_214_4,int64
tcp_opt_215_4,int64
tcp_opt_216_4,int64
tcp_opt_217_4,int64
tcp_opt_218_4,int64
tcp_opt_219_4,int64
tcp_opt_220_4,int64
tcp_opt_221_4,int64
tcp_opt_222_4,int64
tcp_opt_223_4,int64
tcp_opt_224_4,int64
tcp_opt_225_4,int64
tcp_opt_226_4,int64
tcp_opt_227_4,int64
tcp_opt_228_4,int64
tcp_opt_229_4,int64
tcp_opt_230_4,int64
tcp_opt_231_4,int64
tcp_opt_232_4,int64
tcp_opt_233_4,int64
tcp_opt_234_4,int64
tcp_opt_235_4,int64
tcp_opt_236_4,int64
tcp_opt_237_4,int64
tcp_opt_238_4,int64
tcp_opt_239_4,int64
tcp_opt_240_4,int64
tcp_opt_241_4,int64
tcp_opt_242_4,int64
tcp_opt_243_4,int64
tcp_opt_244_4,int64
tcp_opt_245_4,int64
tcp_opt_246_4,int64
tcp_opt_247_4,int64
tcp_opt_248_4,int64
tcp_opt_249_4,int64
tcp_opt_250_4,int64
tcp_opt_251_4,int64
tcp_opt_252_4,int64
tcp_opt_253_4,int64
tcp_opt_254_4,int64
tcp_opt_255_4,int64
tcp_opt_256_4,int64
tcp_opt_257_4,int64
tcp_opt_258_4,int64
tcp_opt_259_4,int64
tcp_opt_260_4,int64
tcp_opt_261_4,int64
tcp_opt_262_4,int64
tcp_opt_263_4,int64
tcp_opt_264_4,int64
tcp_opt_265_4,int64
tcp_opt_266_4,int64
tcp_opt_267_4,int64
tcp_opt_268_4,int64
tcp_opt_269_4,int64
tcp_opt_270_4,int64
tcp_opt_271_4,int64
tcp_opt_272_4,int64
tcp_opt_273_4,int64
tcp_opt_274_4,int64
tcp_opt_275_4,int64
tcp_opt_276_4,int64
tcp_opt_277_4,int64
tcp_opt_278_4,int64
tcp_opt_279_4,int64
tcp_opt_280_4,int64
tcp_opt_281_4,int64
tcp_opt_282_4,int64
tcp_opt_283_4,int64
tcp_opt_284_4,int64
tcp_opt_285_4,int64
tcp_opt_286_4,int64
tcp_opt_287_4,int64
tcp_opt_288_4,int64
tcp_opt_289_4,int64
tcp_opt_290_4,int64
tcp_opt_291_4,int64
tcp_opt_292_4,int64
tcp_opt_293_4,int64
tcp_opt_294_4,int64
tcp_opt_295_4,int64
tcp_opt_296_4,int64
tcp_opt_297_4,int64
tcp_opt_298_4,int64
tcp_opt_299_4,int64
tcp_opt_300_4,int64
tcp_opt_301_4,int64
tcp_opt_302_4,int64
tcp_opt_303_4,int64
tcp_opt_304_4,int64
tcp_opt_305_4,int64
tcp_opt_306_4,int64
tcp_opt_307_4,int64
tcp_opt_308_4,int64
tcp_opt_309_4,int64
tcp_opt_310_4,int64
tcp_opt_311_4,int64
tcp_opt_312_4,int64
tcp_opt_313_4,int64
tcp_opt_314_4,int64
tcp_opt_315_4,int64
tcp_opt_316_4,int64
tcp_opt_317_4,int64
tcp_opt_318_4,int64
tcp_opt_319_4,int64
udp_sport_0_4,int64
udp_sport_1_4,int64
udp_sport_2_4,int64
udp_sport_3_4,int64
udp_sport_4_4,int64
udp_sport_5_4,int64
udp_sport_6_4,int64
udp_sport_7_4,int64
udp_sport_8_4,int64
udp_sport_9_4,int64
udp_sport_10_4,int64
udp_sport_11_4,int64
udp_sport_12_4,int64
udp_sport_13_4,int64
udp_sport_14_4,int64
udp_sport_15_4,int64
udp_dport_0_4,int64
udp_dport_1_4,int64
udp_dport_2_4,int64
udp_dport_3_4,int64
udp_dport_4_4,int64
udp_dport_5_4,int64
udp_dport_6_4,int64
udp_dport_7_4,int64
udp_dport_8_4,int64
udp_dport_9_4,int64
udp_dport_10_4,int64
udp_dport_11_4,int64
udp_dport_12_4,int64
udp_dport_13_4,int64
udp_dport_14_4,int64
udp_dport_15_4,int64
udp_len_0_4,int64
udp_len_1_4,int64
udp_len_2_4,int64
udp_len_3_4,int64
udp_len_4_4,int64
udp_len_5_4,int64
udp_len_6_4,int64
udp_len_7_4,int64
udp_len_8_4,int64
udp_len_9_4,int64
udp_len_10_4,int64
udp_len_11_4,int64
udp_len_12_4,int64
udp_len_13_4,int64
udp_len_14_4,int64
udp_len_15_4,int64
udp_cksum_0_4,int64
udp_cksum_1_4,int64
udp_cksum_2_4,int64
udp_cksum_3_4,int64
udp_cksum_4_4,int64
udp_cksum_5_4,int64
udp_cksum_6_4,int64
udp_cksum_7_4,int64
udp_cksum_8_4,int64
udp_cksum_9_4,int64
udp_cksum_10_4,int64
udp_cksum_11_4,int64
udp_cksum_12_4,int64
udp_cksum_13_4,int64
udp_cksum_14_4,int64
udp_cksum_15_4,int64
icmp_type_0_4,int64
icmp_type_1_4,int64
icmp_type_2_4,int64
icmp_type_3_4,int64
icmp_type_4_4,int64
icmp_type_5_4,int64
icmp_type_6_4,int64
icmp_type_7_4,int64
icmp_code_0_4,int64
icmp_code_1_4,int64
icmp_code_2_4,int64
icmp_code_3_4,int64
icmp_code_4_4,int64
icmp_code_5_4,int64
icmp_code_6_4,int64
icmp_code_7_4,int64
icmp_cksum_0_4,int64
icmp_cksum_1_4,int64
icmp_cksum_2_4,int64
icmp_cksum_3_4,int64
icmp_cksum_4_4,int64
icmp_cksum_5_4,int64
icmp_cksum_6_4,int64
icmp_cksum_7_4,int64
icmp_cksum_8_4,int64
icmp_cksum_9_4,int64
icmp_cksum_10_4,int64
icmp_cksum_11_4,int64
icmp_cksum_12_4,int64
icmp_cksum_13_4,int64
icmp_cksum_14_4,int64
icmp_cksum_15_4,int64
src_is_a_4,int64
src_malicious,int8
reconnaissance,int8
initial_access,int8
execution,int8
persistence,int8
privilege_escalation,int8
credential_access,int8
discovery,int8
lateral_movement,int8
malicious,int8
